Plate no.,Well,BARCODE_ID,BARCODE,ID,,,,,,,,,,,,
1A,A1,index_8nt_2,aacgccaa,NE_CRA_461,,,,,,,,,,,,
1A,A2,index_10nt_2,ccagaaccaa,NE_CRA_576,,,,,,,,,,,,
1A,A3,index_8nt_3,cggtccaa,NE_CRA_581,,,,,,,,,,,,
1A,A4,index_9nt_3,aggtaccaa,NE_CRA_584,,,,,,,,,,,,
1A,A5,index_10nt_3,aggtaaccaa,NE_CRA_586,,,,,,,,,,,,
1A,A6,index_8nt_4,ctcagcaa,NE_CRA_589,,,,,,,,,,,,
1A,A7,index_9nt_4,tgaagccaa,NE_CRA_407,,,,,,,,,,,,
1A,A8,index_8nt_5,agacgcaa,NE_CRA_472,,,,,,,,,,,,
1A,A9,index_9nt_5,aaccgccaa,NE_CRA_509,,,,,,,,,,,,
1A,A10,index_10nt_5,tcgcgaccaa,NE_CRA_583,,,,,,,,,,,,
1A,A11,index_8nt_6,tctggcaa,NE_CRA_494,,,,,,,,,,,,
1A,A12,index_9nt_6,gttggccaa,NE_CRA_582,,,,,,,,,,,,
1A,B1,index_10nt_6,atcggaccaa,NE_CRA_591,,,,,,,,,,,,
1A,B2,index_8nt_7,tagatcaa,NE_CRA_404,,,,,,,,,,,,
1A,B3,index_9nt_7,ctgatccaa,NE_CRA_590,,,,,,,,,,,,
1A,B4,index_10nt_7,cattgaccaa,NE_CRA_454,,,,,,,,,,,,
1A,B5,index_8nt_8,gttctcaa,NE_CRA_467,,,,,,,,,,,,
1A,B6,index_9nt_8,tctctccaa,NE_CRA_544,,,,,,,,,,,,
1A,B7,index_10nt_8,ctgataccaa,NE_CRA_580,,,,,,,,,,,,
1A,B8,index_9nt_9,aataagcaa,NE_CRA_585,,,,,,,,,,,,
1A,B9,index_10nt_9,accaagccaa,NE_CRA_588,,,,,,,,,,,,
1A,B10,index_8nt_10,cagcagaa,NE_CRA_488,,,,,,,,,,,,
1A,B11,index_9nt_10,cgccagcaa,NE_CRA_501,,,,,,,,,,,,
1A,B12,index_10nt_10,cgtcagccaa,NE_CRA_506,,,,,,,,,,,,
1A,C1,index_8nt_11,tgagagaa,NE_CRA_519,,,,,,,,,,,,
1A,C2,index_9nt_11,tcggagcaa,NE_CRA_577,,,,,,,,,,,,
1A,C3,index_10nt_11,taggagccaa,NE_CRA_480,,,,,,,,,,,,
1A,C4,index_8nt_12,gtctcgaa,NE_CRA_541,,,,,,,,,,,,
1A,C5,index_9nt_12,gtatagcaa,NE_CRA_572,,,,,,,,,,,,
1A,C6,index_10nt_12,gtatagccaa,NE_CRA_573,,,,,,,,,,,,
1A,C7,index_8nt_13,ggtaggaa,NE_CRA_579,,,,,,,,,,,,
1A,C8,index_9nt_13,ccaacgcaa,NE_CRA_395,,,,,,,,,,,,
1A,C9,index_10nt_13,gatacgccaa,NE_CRA_476,,,,,,,,,,,,
1A,C10,index_8nt_14,ccatggaa,NE_CRA_587,,,,,,,,,,,,
1A,C11,index_9nt_14,gagccgcaa,NE_CRA_473,,,,,,,,,,,,
1A,C12,index_10nt_16,tcttatccaa,NE_CRA_464,,,,,,,,,,,,
1A,D1,index_8nt_15,ggccataa,NE_CRA_466,,,,,,,,,,,,
1A,D2,index_9nt_15,atcgcgcaa,NE_CRA_531,,,,,,,,,,,,
1A,D3,index_10nt_17,ttaactccaa,NE_CRA_433,,,,,,,,,,,,
1A,D4,index_8nt_16,atggataa,NE_CRA_485,,,,,,,,,,,,
1A,D5,index_9nt_16,tacttgcaa,NE_CRA_518,,,,,,,,,,,,
1A,D6,index_10nt_18,gccgctccaa,NE_CRA_565,,,,,,,,,,,,
1A,D7,index_8nt_17,catactaa,NE_CRA_465,,,,,,,,,,,,
1A,D8,index_9nt_17,ccttatcaa,NE_CRA_540,,,,,,,,,,,,
1A,D9,index_10nt_23,tgcgaagcaa,NE_CRA_490,,,,,,,,,,,,
1A,D10,index_8nt_18,ttacctaa,NE_CRA_502,,,,,,,,,,,,
1A,D11,index_9nt_18,ggtactcaa,NE_CRA_428,,,,,,,,,,,,
1A,D12,index_10nt_24,taaccagcaa,NE_CRA_563,,,,,,,,,,,,
1A,E1,index_8nt_19,gaaggtaa,NE_CRA_408,,,,,,,,,,,,
1A,E2,index_9nt_19,ttacctcaa,NE_CRA_424,,,,,,,,,,,,
1A,E3,index_10nt_25,cttgcagcaa,NE_CRA_558,,,,,,,,,,,,
1A,E4,index_9nt_20,acgagtcaa,NE_CRA_570,,,,,,,,,,,,
1A,E5,index_10nt_31,agaaccgcaa,NE_CRA_460,,,,,,,,,,,,
1A,E6,index_8nt_21,gtcgacca,NE_CRA_498,,,,,,,,,,,,
1A,E7,index_9nt_21,gcagttcaa,NE_CRA_434,,,,,,,,,,,,
1A,E8,index_10nt_37,agcctggcaa,NE_CRA_543,,,,,,,,,,,,
1A,E9,index_8nt_22,aattacca,NE_CRA_486,,,,,,,,,,,,
1A,E10,index_10nt_38,ggtaatgcaa,NE_CRA_566,,,,,,,,,,,,
1A,E11,index_8nt_23,ataatcca,NE_CRA_571,,,,,,,,,,,,
1A,E12,index_9nt_23,tgagaagaa,NE_CRA_504,,,,,,,,,,,,
1A,F1,index_10nt_41,ggtccatcaa,NE_CRA_567,,,,,,,,,,,,
1A,F2,index_8nt_24,cgcctcca,NE_CRA_493,,,,,,,,,,,,
1A,F3,index_9nt_24,aggccagaa,NE_CRA_471,,,,,,,,,,,,
1A,F4,index_10nt_43,tccatatcaa,NE_CRA_496,,,,,,,,,,,,
1A,F5,index_8nt_25,cgaacgca,NE_CRA_569,,,,,,,,,,,,
1A,F6,index_9nt_25,catgcagaa,NE_CRA_568,,,,,,,,,,,,
1A,F7,index_10nt_47,ttacgctcaa,NE_CRA_483,,,,,,,,,,,,
1A,F8,index_8nt_26,acgccgca,NE_CRA_530,,,,,,,,,,,,
1A,F9,index_9nt_26,gcatcagaa,NE_CRA_491,,,,,,,,,,,,
1A,F10,index_8nt_27,gatgcgca,NE_CRA_457,,,,,,,,,,,,
1A,F11,index_9nt_27,ataagagaa,NE_CRA_436,,,,,,,,,,,,
1A,F12,index_10nt_56,gacgcaagaa,NE_CRA_429,,,,,,,,,,,,
1A,G1,index_8nt_28,gtacggca,NE_CRA_512,,,,,,,,,,,,
1A,G2,index_9nt_28,cgctgagaa,NE_CRA_560,,,,,,,,,,,,
1A,G3,index_10nt_57,ccgtcaagaa,NE_CRA_435,,,,,,,,,,,,
1A,G4,index_8nt_29,cttcatca,NE_CRA_475,,,,,,,,,,,,
1A,G5,index_9nt_29,tccatagaa,NE_CRA_556,,,,,,,,,,,,
1A,G6,index_10nt_58,tcaagaagaa,NE_CRA_515,,,,,,,,,,,,
1A,G7,index_8nt_30,gcatatca,NE_CRA_547,,,,,,,,,,,,
1A,G8,index_9nt_30,tagaacgaa,NE_CRA_439,,,,,,,,,,,,
1A,G9,index_10nt_59,ctccgaagaa,NE_CRA_562,,,,,,,,,,,,
1A,G10,index_8nt_31,tccgctca,NE_CRA_538,,,,,,,,,,,,
1A,G11,index_9nt_31,actgacgaa,NE_CRA_551,,,,,,,,,,,,
1A,G12,index_10nt_60,ggttgaagaa,NE_CRA_492,,,,,,,,,,,,
1A,H1,index_8nt_32,agcagtca,NE_CRA_545,,,,,,,,,,,,
1A,H2,index_9nt_32,ggcgccgaa,NE_CRA_559,,,,,,,,,,,,
1A,H3,index_10nt_62,ttggtaagaa,NE_CRA_548,,,,,,,,,,,,
1A,H4,index_8nt_33,gagcttca,NE_CRA_440,,,,,,,,,,,,
1A,H5,index_9nt_33,ccgcgcgaa,NE_CRA_477,,,,,,,,,,,,
1A,H6,index_10nt_63,tggaccagaa,NE_CRA_416,,,,,,,,,,,,
1A,H7,index_8nt_34,gcgcaaga,NE_CRA_427,,,,,,,,,,,,
1A,H8,index_9nt_34,ttattcgaa,NE_CRA_514,,,,,,,,,,,,
1A,H9,index_10nt_104,tcctcttgaa,NE_CRA_399,,,,,,,,,,,,
1A,H10,index_9nt_35,ggaatggaa,NE_CRA_534,,,,,,,,,,,,
1A,H11,index_10nt_114,tctcgcataa,NE_CRA_561,,,,,,,,,,,,
1A,H12,index_8nt_36,agctaaga,NE_CRA_442,,,,,,,,,,,,
2A,A1,index_9nt_36,attctggaa,NE_CRA_535,,,,,,,,,,,,
2A,A2,index_10nt_130,aagttgctaa,NE_CRA_508,,,,,,,,,,,,
2A,A3,index_8nt_37,aatccaga,NE_CRA_459,,,,,,,,,,,,
2A,A4,index_9nt_37,agcaatgaa,NE_CRA_527,,,,,,,,,,,,
2A,A5,index_10nt_138,atagtcgtaa,NE_CRA_517,,,,,,,,,,,,
2A,A6,index_8nt_38,cctagaga,NE_CRA_513,,,,,,,,,,,,
2A,A7,index_9nt_38,ctggatgaa,NE_CRA_554,,,,,,,,,,,,
2A,A8,index_10nt_143,tgcaacttaa,NE_CRA_405,,,,,,,,,,,,
2A,A9,index_8nt_39,ggaataga,NE_CRA_450,,,,,,,,,,,,
2A,A10,index_9nt_39,caacttgaa,NE_CRA_392,,,,,,,,,,,,
2A,A11,index_10nt_148,aagccaacca,NE_CRA_443,,,,,,,,,,,,
2A,A12,index_8nt_40,ttcgtaga,NE_CRA_481,,,,,,,,,,,,
2A,B1,index_9nt_40,cttcaataa,NE_CRA_549,,,,,,,,,,,,
2A,B2,index_8nt_41,cttgccga,NE_CRA_553,,,,,,,,,,,,
2A,B3,index_9nt_41,aaggaataa,NE_CRA_474,,,,,,,,,,,,
2A,B4,index_10nt_150,cgctcaacca,NE_CRA_521,,,,,,,,,,,,
2A,B5,index_8nt_42,gaccgcga,NE_CRA_406,,,,,,,,,,,,
2A,B6,index_9nt_42,ttctcataa,NE_CRA_505,,,,,,,,,,,,
2A,B7,index_10nt_151,ataagaacca,NE_CRA_432,,,,,,,,,,,,
2A,B8,index_8nt_43,acgttcga,NE_CRA_403,,,,,,,,,,,,
2A,B9,index_9nt_43,gatagataa,NE_CRA_479,,,,,,,,,,,,
2A,B10,index_10nt_152,cctcgaacca,NE_CRA_463,,,,,,,,,,,,
2A,B11,index_8nt_44,tataagga,NE_CRA_533,,,,,,,,,,,,
2A,B12,index_9nt_44,ccaggataa,NE_CRA_503,,,,,,,,,,,,
2A,C1,index_10nt_153,gtcctaacca,NE_CRA_542,,,,,,,,,,,,
2A,C2,index_8nt_45,ctgatgga,NE_CRA_448,,,,,,,,,,,,
2A,C3,index_9nt_45,gcgctataa,NE_CRA_423,,,,,,,,,,,,
2A,C4,index_10nt_155,ctgcagacca,NE_CRA_510,,,,,,,,,,,,
2A,C5,index_8nt_46,tggactga,NE_CRA_468,,,,,,,,,,,,
2A,C6,index_9nt_46,agattataa,NE_CRA_552,,,,,,,,,,,,
2A,C7,index_10nt_162,cttattacca,NE_CRA_410,,,,,,,,,,,,
2A,C8,index_8nt_47,actgaata,NE_CRA_441,,,,,,,,,,,,
2A,C9,index_9nt_47,gtaacctaa,NE_CRA_469,,,,,,,,,,,,
2A,C10,index_10nt_164,accgttacca,NE_CRA_507,,,,,,,,,,,,
2A,C11,index_8nt_48,tagtaata,NE_CRA_388,,,,,,,,,,,,
2A,C12,index_9nt_48,cagtcctaa,NE_CRA_385,,,,,,,,,,,,
2A,D1,index_10nt_165,cagagagcca,NE_CRA_489,,,,,,,,,,,,
2A,D2,index_8nt_49,gtagcata,NE_CRA_539,,,,,,,,,,,,
2A,D3,index_9nt_49,acctagtaa,NE_CRA_557,,,,,,,,,,,,
2A,D4,index_10nt_167,cattacgcca,NE_CRA_389,,,,,,,,,,,,
2A,D5,index_8nt_50,atccgata,NE_CRA_470,,,,,,,,,,,,
2A,D6,index_9nt_50,tggacgtaa,NE_CRA_430,,,,,,,,,,,,
2A,D7,index_10nt_173,ctatcggcca,NE_CRA_456,,,,,,,,,,,,
2A,D8,index_8nt_51,gccttata,NE_CRA_550,,,,,,,,,,,,
2A,D9,index_9nt_51,gctgcgtaa,NE_CRA_497,,,,,,,,,,,,
2A,D10,index_10nt_176,tgagctgcca,NE_CRA_414,,,,,,,,,,,,
2A,D11,index_8nt_52,tgctgcta,NE_CRA_438,,,,,,,,,,,,
2A,D12,index_9nt_52,ctcaggtaa,NE_CRA_426,,,,,,,,,,,,
2A,E1,index_10nt_185,acctcgtcca,NE_CRA_387,,,,,,,,,,,,
2A,E2,index_8nt_53,ccagtcta,NE_CRA_437,,,,,,,,,,,,
2A,E3,index_9nt_53,taacggtaa,NE_CRA_397,,,,,,,,,,,,
2A,E4,index_10nt_188,cgaggaagca,NE_CRA_449,,,,,,,,,,,,
2A,E5,index_8nt_54,atatagta,NE_CRA_411,,,,,,,,,,,,
2A,E6,index_9nt_54,aatccttaa,NE_CRA_478,,,,,,,,,,,,
2A,E7,index_8nt_55,aagaggta,NE_CRA_520,,,,,,,,,,,,
2A,E8,index_10nt_191,aggcgcagca,NE_CRA_529,,,,,,,,,,,,
2A,E9,index_8nt_56,ttcaatta,NE_CRA_523,,,,,,,,,,,,
2A,E10,index_10nt_192,catctcagca,NE_CRA_525,,,,,,,,,,,,
2A,E11,index_8nt_57,ccgcgtta,NE_CRA_482,,,,,,,,,,,,
2A,E12,index_9nt_57,ggttaacca,NE_CRA_386,,,,,,,,,,,,
2A,F1,index_10nt_195,aattggagca,NE_CRA_564,,,,,,,,,,,,
2A,F2,index_8nt_58,cctccaac,NE_CRA_444,,,,,,,,,,,,
2A,F3,index_9nt_58,gtcagacca,NE_CRA_452,,,,,,,,,,,,
2A,F4,index_10nt_200,caggaacgca,NE_CRA_462,,,,,,,,,,,,
2A,F5,index_8nt_59,ttgcgaac,NE_CRA_409,,,,,,,,,,,,
2A,F6,index_9nt_59,agacgacca,NE_CRA_422,,,,,,,,,,,,
2A,F7,index_10nt_211,aactctcgca,NE_CRA_425,,,,,,,,,,,,
2A,F8,index_9nt_60,cctatacca,NE_CRA_528,,,,,,,,,,,,
2A,F9,index_10nt_213,aatgcaggca,NE_CRA_546,,,,,,,,,,,,
2A,F10,index_8nt_61,acctgaac,NE_CRA_532,,,,,,,,,,,,
2A,F11,index_9nt_61,cttgagcca,NE_CRA_516,,,,,,,,,,,,
2A,F12,index_10nt_215,ttggacggca,NE_CRA_458,,,,,,,,,,,,
2A,G1,index_8nt_62,aatataac,NE_CRA_522,,,,,,,,,,,,
2A,G2,index_9nt_62,actccgcca,NE_CRA_421,,,,,,,,,,,,
2A,G3,index_10nt_218,ttaattggca,NE_CRA_453,,,,,,,,,,,,
2A,G4,index_8nt_63,gcggtaac,NE_CRA_455,,,,,,,,,,,,
2A,G5,index_9nt_63,ggagcgcca,NE_CRA_511,,,,,,,,,,,,
2A,G6,index_10nt_221,cataattgca,NE_CRA_400,,,,,,,,,,,,
2A,G7,index_8nt_64,cttaagac,NE_CRA_499,,,,,,,,,,,,
2A,G8,index_9nt_64,cggaggcca,NE_CRA_526,,,,,,,,,,,,
2A,G9,index_10nt_222,agaacttgca,NE_CRA_537,,,,,,,,,,,,
2A,G10,index_8nt_65,gacgagac,NE_CRA_412,,,,,,,,,,,,
2A,G11,index_9nt_65,ataatgcca,NE_CRA_396,,,,,,,,,,,,
2A,G12,index_10nt_225,caattaatca,NE_CRA_445,,,,,,,,,,,,
2A,H1,index_8nt_66,aggacgac,NE_CRA_495,,,,,,,,,,,,
2A,H2,index_9nt_66,gcgttgcca,NE_CRA_394,,,,,,,,,,,,
2A,H3,index_10nt_227,ttatgcatca,NE_CRA_447,,,,,,,,,,,,
2A,H4,index_8nt_67,tattggac,NE_CRA_418,,,,,,,,,,,,
2A,H5,index_9nt_67,tagactcca,NE_CRA_384,,,,,,,,,,,,
2A,H6,index_10nt_231,tattctatca,NE_CRA_401,,,,,,,,,,,,
2A,H7,index_8nt_68,cgcttgac,NE_CRA_402,,,,,,,,,,,,
2A,H8,index_9nt_68,gatcgtcca,NE_CRA_415,,,,,,,,,,,,
2A,H9,index_10nt_239,gcttgcctca,NE_CRA_487,,,,,,,,,,,,
2A,H10,index_8nt_69,taggctac,NE_CRA_398,,,,,,,,,,,,
2A,H11,index_9nt_69,ctccttcca,NE_CRA_446,,,,,,,,,,,,
2A,H12,index_10nt_243,agcatgctca,NE_CRA_451,,,,,,,,,,,,
3A,A1,index_8nt_70,gtcattac,NE_CRA_356,,,,,,,,,,,,
3A,A2,index_10nt_244,actaatctca,NE_CRA_364,,,,,,,,,,,,
3A,A3,index_8nt_71,caacttac,NE_CRA_236,,,,,,,,,,,,
3A,A4,index_9nt_71,aactcagca,NE_CRA_347,,,,,,,,,,,,
3A,A5,index_10nt_249,attcgcgtca,NE_CRA_234,,,,,,,,,,,,
3A,A6,index_8nt_72,gatcaacc,NE_CRA_290,,,,,,,,,,,,
3A,A7,index_9nt_72,gaaggagca,NE_CRA_360,,,,,,,,,,,,
3A,A8,index_10nt_251,tccaaggtca,NE_CRA_332,,,,,,,,,,,,
3A,A9,index_8nt_73,gcaagacc,NE_CRA_361,,,,,,,,,,,,
3A,A10,index_9nt_73,atggtagca,NE_CRA_265,,,,,,,,,,,,
3A,A11,index_10nt_253,catatggtca,NE_CRA_267,,,,,,,,,,,,
3A,A12,index_8nt_74,agccagcc,NE_CRA_279,,,,,,,,,,,,
3A,B1,index_9nt_74,cgtaacgca,NE_CRA_240,,,,,,,,,,,,
3A,B2,index_10nt_256,ggcgtattca,NE_CRA_292,,,,,,,,,,,,
3A,B3,index_8nt_75,ccagagcc,NE_CRA_341,,,,,,,,,,,,
3A,B4,index_9nt_75,gtctacgca,NE_CRA_325,,,,,,,,,,,,
3A,B5,index_10nt_260,cgaaccaaga,NE_CRA_287,,,,,,,,,,,,
3A,B6,index_8nt_76,ttatcgcc,NE_CRA_368,,,,,,,,,,,,
3A,B7,index_9nt_76,acgaccgca,NE_CRA_232,,,,,,,,,,,,
3A,B8,index_8nt_77,tcgatgcc,NE_CRA_241,,,,,,,,,,,,
3A,B9,index_9nt_77,agcctcgca,NE_CRA_286,,,,,,,,,,,,
3A,B10,index_10nt_262,acgtccaaga,NE_CRA_333,,,,,,,,,,,,
3A,B11,index_8nt_78,cagtatcc,NE_CRA_310,,,,,,,,,,,,
3A,B12,index_9nt_78,ccagtcgca,NE_CRA_318,,,,,,,,,,,,
3A,C1,index_8nt_79,actactcc,NE_CRA_362,,,,,,,,,,,,
3A,C2,index_9nt_79,tggcaggca,NE_CRA_372,,,,,,,,,,,,
3A,C3,index_10nt_264,atactcaaga,NE_CRA_231,,,,,,,,,,,,
3A,C4,index_8nt_80,ggacctcc,NE_CRA_373,,,,,,,,,,,,
3A,C5,index_9nt_80,gatacggca,NE_CRA_370,,,,,,,,,,,,
3A,C6,index_10nt_265,cagaagaaga,NE_CRA_293,,,,,,,,,,,,
3A,C7,index_8nt_81,ctcggtcc,NE_CRA_264,,,,,,,,,,,,
3A,C8,index_9nt_81,tccgctgca,NE_CRA_247,,,,,,,,,,,,
3A,C9,index_10nt_274,aggattaaga,NE_CRA_282,,,,,,,,,,,,
3A,C10,index_8nt_82,ggcgcagc,NE_CRA_225,,,,,,,,,,,,
3A,C11,index_9nt_82,cggtctgca,NE_CRA_258,,,,,,,,,,,,
3A,C12,index_10nt_290,agataagaga,NE_CRA_350,,,,,,,,,,,,
3A,D1,index_8nt_83,ccattagc,NE_CRA_377,,,,,,,,,,,,
3A,D2,index_9nt_83,cgcgcatca,NE_CRA_367,,,,,,,,,,,,
3A,D3,index_10nt_302,tatacggaga,NE_CRA_311,,,,,,,,,,,,
3A,D4,index_8nt_84,cgcaacgc,NE_CRA_254,,,,,,,,,,,,
3A,D5,index_9nt_84,ttgcgatca,NE_CRA_250,,,,,,,,,,,,
3A,D6,index_10nt_306,cgcgaataga,NE_CRA_257,,,,,,,,,,,,
3A,D7,index_8nt_85,atagacgc,NE_CRA_255,,,,,,,,,,,,
3A,D8,index_9nt_85,acttgatca,NE_CRA_326,,,,,,,,,,,,
3A,D9,index_10nt_312,ttcagctaga,NE_CRA_235,,,,,,,,,,,,
3A,D10,index_8nt_86,gcttacgc,NE_CRA_224,,,,,,,,,,,,
3A,D11,index_9nt_86,agagactca,NE_CRA_277,,,,,,,,,,,,
3A,D12,index_10nt_320,tcaacgacga,NE_CRA_300,,,,,,,,,,,,
3A,E1,index_8nt_87,gagaccgc,NE_CRA_237,,,,,,,,,,,,
3A,E2,index_9nt_87,gccggctca,NE_CRA_378,,,,,,,,,,,,
3A,E3,index_10nt_336,ctctgatcga,NE_CRA_327,,,,,,,,,,,,
3A,E4,index_8nt_88,gttccggc,NE_CRA_353,,,,,,,,,,,,
3A,E5,index_9nt_88,ctatgctca,NE_CRA_343,,,,,,,,,,,,
3A,E6,index_10nt_340,attggaagga,NE_CRA_266,,,,,,,,,,,,
3A,E7,index_8nt_89,aactcggc,NE_CRA_319,,,,,,,,,,,,
3A,E8,index_9nt_89,gagatctca,NE_CRA_270,,,,,,,,,,,,
3A,E9,index_10nt_345,caggttagga,NE_CRA_246,,,,,,,,,,,,
3A,E10,index_8nt_90,ctaactgc,NE_CRA_268,,,,,,,,,,,,
3A,E11,index_9nt_90,ggcaagtca,NE_CRA_296,,,,,,,,,,,,
3A,E12,index_8nt_91,atgcttgc,NE_CRA_320,,,,,,,,,,,,
3A,F1,index_9nt_91,ccgaattca,NE_CRA_244,,,,,,,,,,,,
3A,F2,index_10nt_355,atatgctgga,NE_CRA_345,,,,,,,,,,,,
3A,F3,index_8nt_92,cggcaatc,NE_CRA_379,,,,,,,,,,,,
3A,F4,index_9nt_92,gaatattca,NE_CRA_274,,,,,,,,,,,,
3A,F5,index_10nt_356,ggaatctgga,NE_CRA_382,,,,,,,,,,,,
3A,F6,index_8nt_93,ctctcatc,NE_CRA_344,,,,,,,,,,,,
3A,F7,index_10nt_357,agtcattgga,NE_CRA_223,,,,,,,,,,,,
3A,F8,index_8nt_94,ggttgatc,NE_CRA_281,,,,,,,,,,,,
3A,F9,index_10nt_363,tagcatatga,NE_CRA_297,,,,,,,,,,,,
3A,F10,index_8nt_95,catgactc,NE_CRA_275,,,,,,,,,,,,
3A,F11,index_9nt_95,ggctcaaga,NE_CRA_278,,,,,,,,,,,,
3A,F12,index_10nt_370,ttatatctga,NE_CRA_295,,,,,,,,,,,,
3A,G1,index_8nt_96,acggcctc,NE_CRA_335,,,,,,,,,,,,
3A,G2,index_10nt_371,ccagttctga,NE_CRA_280,,,,,,,,,,,,
3A,G3,index_8nt_97,attagctc,NE_CRA_304,,,,,,,,,,,,
3A,G4,index_9nt_97,aatcgaaga,NE_CRA_351,,,,,,,,,,,,
3A,G5,index_10nt_373,cggtccttga,NE_CRA_256,,,,,,,,,,,,
3A,G6,index_8nt_98,tgactctc,NE_CRA_269,,,,,,,,,,,,
3A,G7,index_9nt_98,ctcataaga,NE_CRA_313,,,,,,,,,,,,
3A,G8,index_10nt_376,acgccgttga,NE_CRA_339,,,,,,,,,,,,
3A,G9,index_8nt_99,gcgaattc,NE_CRA_331,,,,,,,,,,,,
3A,G10,index_9nt_99,gaggtaaga,NE_CRA_263,,,,,,,,,,,,
3A,G11,index_10nt_379,tgcggcaata,NE_CRA_260,,,,,,,,,,,,
3A,G12,index_8nt_100,gattcaag,NE_CRA_284,,,,,,,,,,,,
3A,H1,index_9nt_100,cgaaccaga,NE_CRA_336,,,,,,,,,,,,
3A,H2,index_10nt_402,gccgacgata,NE_CRA_245,,,,,,,,,,,,
3A,H3,index_8nt_101,ctaataag,NE_CRA_371,,,,,,,,,,,,
3A,H4,index_9nt_101,gtccgcaga,NE_CRA_321,,,,,,,,,,,,
3A,H5,index_10nt_412,tataactata,NE_CRA_307,,,,,,,,,,,,
3A,H6,index_8nt_102,acgagcag,NE_CRA_230,,,,,,,,,,,,
3A,H7,index_9nt_102,cctggcaga,NE_CRA_309,,,,,,,,,,,,
3A,H8,index_10nt_420,ccgcctacta,NE_CRA_243,,,,,,,,,,,,
3A,H9,index_8nt_103,ggcggcag,NE_CRA_334,,,,,,,,,,,,
3A,H10,index_9nt_103,aacttcaga,NE_CRA_283,,,,,,,,,,,,
3A,H11,index_10nt_422,tgagtaccta,NE_CRA_289,,,,,,,,,,,,
3A,H12,index_8nt_104,tctacgag,NE_CRA_330,,,,,,,,,,,,
4A,A1,index_9nt_104,acgaagaga,NE_CRA_419,,,,,,,,,,,,
4A,A2,index_10nt_423,ctaaggccta,NE_CRA_484,,,,,,,,,,,,
4A,A3,index_9nt_105,ggtcagaga,NE_CRA_536,,,,,,,,,,,,
4A,A4,index_10nt_426,cctatagcta,NE_CRA_413,,,,,,,,,,,,
4A,A5,index_8nt_106,aaccggag,NE_CRA_242,,,,,,,,,,,,
4A,A6,index_9nt_106,caatggaga,NE_CRA_380,,,,,,,,,,,,
4A,A7,index_10nt_429,caaggatcta,NE_CRA_306,,,,,,,,,,,,
4A,A8,index_8nt_107,cgatatag,NE_CRA_227,,,,,,,,,,,,
4A,A9,index_9nt_107,taagataga,NE_CRA_251,,,,,,,,,,,,
4A,A10,index_10nt_431,cgcctatcta,NE_CRA_323,,,,,,,,,,,,
4A,A11,index_8nt_108,actcttag,NE_CRA_352,,,,,,,,,,,,
4A,A12,index_9nt_108,acttctaga,NE_CRA_369,,,,,,,,,,,,
4A,B1,index_10nt_432,tcctactcta,NE_CRA_328,,,,,,,,,,,,
4A,B2,index_8nt_109,cggagacg,NE_CRA_259,,,,,,,,,,,,
4A,B3,index_9nt_109,agacttaga,NE_CRA_298,,,,,,,,,,,,
4A,B4,index_10nt_433,ttggtctcta,NE_CRA_228,,,,,,,,,,,,
4A,B5,index_8nt_110,gtctgacg,NE_CRA_252,,,,,,,,,,,,
4A,B6,index_9nt_110,aggatacga,NE_CRA_337,,,,,,,,,,,,
4A,B7,index_10nt_435,agaccgtcta,NE_CRA_355,,,,,,,,,,,,
4A,B8,index_8nt_111,accatacg,NE_CRA_374,,,,,,,,,,,,
4A,B9,index_9nt_111,taactacga,NE_CRA_285,,,,,,,,,,,,
4A,B10,index_10nt_440,agcgatagta,NE_CRA_273,,,,,,,,,,,,
4A,B11,index_8nt_112,gaagtacg,NE_CRA_299,,,,,,,,,,,,
4A,B12,index_9nt_112,tattaccga,NE_CRA_229,,,,,,,,,,,,
4A,C1,index_10nt_441,ctacttagta,NE_CRA_253,,,,,,,,,,,,
4A,C2,index_8nt_113,ggtaaccg,NE_CRA_340,,,,,,,,,,,,
4A,C3,index_9nt_113,cgcgtccga,NE_CRA_357,,,,,,,,,,,,
4A,C4,index_10nt_446,taagccggta,NE_CRA_375,,,,,,,,,,,,
4A,C5,index_8nt_114,ctggtccg,NE_CRA_294,,,,,,,,,,,,
4A,C6,index_9nt_114,gacgagcga,NE_CRA_288,,,,,,,,,,,,
4A,C7,index_10nt_447,gtcgctggta,NE_CRA_303,,,,,,,,,,,,
4A,C8,index_8nt_115,atgaagcg,NE_CRA_233,,,,,,,,,,,,
4A,C9,index_9nt_115,cgttcgcga,NE_CRA_261,,,,,,,,,,,,
4A,C10,index_10nt_448,tggtctggta,NE_CRA_342,,,,,,,,,,,,
4A,C11,index_8nt_116,agttcgcg,NE_CRA_358,,,,,,,,,,,,
4A,C12,index_9nt_116,tctaggcga,NE_CRA_376,,,,,,,,,,,,
4A,D1,index_10nt_449,cgcattggta,NE_CRA_322,,,,,,,,,,,,
4A,D2,index_8nt_117,catatgcg,NE_CRA_272,,,,,,,,,,,,
4A,D3,index_9nt_117,atgcggcga,NE_CRA_316,,,,,,,,,,,,
4A,D4,index_10nt_451,tccgcgatta,NE_CRA_238,,,,,,,,,,,,
4A,D5,index_8nt_118,gttgaagg,NE_CRA_262,,,,,,,,,,,,
4A,D6,index_9nt_118,atctatcga,NE_CRA_346,,,,,,,,,,,,
4A,D7,index_10nt_453,tgccgactta,NE_CRA_363,,,,,,,,,,,,
4A,D8,index_8nt_119,tcctcagg,NE_CRA_381,,,,,,,,,,,,
4A,D9,index_9nt_119,ctaagtcga,NE_CRA_329,,,,,,,,,,,,
4A,D10,index_10nt_456,gttgcgctta,NE_CRA_308,,,,,,,,,,,,
4A,D11,index_8nt_120,cgtctagg,NE_CRA_276,,,,,,,,,,,,
4A,D12,index_9nt_120,gttgaagga,NE_CRA_239,,,,,,,,,,,,
4A,E1,index_10nt_457,cctcggctta,NE_CRA_271,,,,,,,,,,,,
4A,E2,index_8nt_121,agaaccgg,NE_CRA_348,,,,,,,,,,,,
4A,E3,index_9nt_121,cagagagga,NE_CRA_365,,,,,,,,,,,,
4A,E4,index_10nt_458,tcattgctta,NE_CRA_383,,,,,,,,,,,,
4A,E5,index_8nt_122,aatggcgg,NE_CRA_317,,,,,,,,,,,,
4A,E6,index_9nt_122,cgtctagga,NE_CRA_324,,,,,,,,,,,,
4A,E7,index_10nt_459,ggacctctta,NE_CRA_312,,,,,,,,,,,,
4A,E8,index_8nt_123,gtattcgg,NE_CRA_248,,,,,,,,,,,,
4A,E9,index_9nt_123,tacggcgga,NE_CRA_305,,,,,,,,,,,,
4A,E10,index_10nt_460,acgtctctta,NE_CRA_349,,,,,,,,,,,,
4A,E11,index_8nt_124,cagcctgg,NE_CRA_366,,,,,,,,,,,,
4A,E12,index_9nt_124,agatgcgga,NE_CRA_291,,,,,,,,,,,,
4A,F1,index_10nt_461,ggagaagtta,NE_CRA_301,,,,,,,,,,,,
4A,F2,index_8nt_125,atcgctgg,NE_CRA_314,,,,,,,,,,,,
4A,F3,index_9nt_125,gctatcgga,NE_CRA_302,,,,,,,,,,,,
4A,F4,index_10nt_462,ctaaccgtta,NE_CRA_249,,,,,,,,,,,,
4A,F5,index_8nt_126,tgagttgg,NE_CRA_315,,,,,,,,,,,,
4A,F6,index_10nt_464,ttcttcgtta,,,,,,,,,,,,,
4A,F7,index_8nt_127,taaccatg,,,,,,,,,,,,,
4A,F8,index_9nt_127,agccaatga,,,,,,,,,,,,,
4A,F9,index_10nt_465,actacggtta,,,,,,,,,,,,,
4A,F10,index_8nt_128,acctactg,,,,,,,,,,,,,
4A,F11,index_9nt_128,tcataatga,,,,,,,,,,,,,
4A,F12,index_10nt_466,gaactggtta,,,,,,,,,,,,,
4A,G1,index_9nt_129,ttcaactga,,,,,,,,,,,,,
4A,G2,index_10nt_467,ttcaaccaac,,,,,,,,,,,,,
4A,G3,index_8nt_130,gttacttg,,,,,,,,,,,,,
4A,G4,index_9nt_130,atgacttga,,,,,,,,,,,,,
4A,G5,index_10nt_468,aaggaccaac,,,,,,,,,,,,,
4A,G6,index_8nt_131,agcgtaat,,,,,,,,,,,,,
4A,G7,index_9nt_131,cggcgttga,,,,,,,,,,,,,
4A,G8,index_10nt_469,ggaggccaac,,,,,,,,,,,,,
4A,G9,index_8nt_132,cagttaat,,,,,,,,,,,,,
4A,G10,index_9nt_132,gaaccaata,,,,,,,,,,,,,
4A,G11,index_10nt_472,gtctcgcaac,,,,,,,,,,,,,
4A,G12,index_8nt_133,acttccat,,,,,,,,,,,,,
4A,H1,index_9nt_133,agcagaata,,,,,,,,,,,,,
4A,H2,index_10nt_473,ctacggcaac,,,,,,,,,,,,,
4A,H3,index_8nt_134,gcgcggat,,,,,,,,,,,,,
4A,H4,index_9nt_134,tggctaata,,,,,,,,,,,,,
4A,H5,index_8nt_135,cgtcgtat,,,,,,,,,,,,,
4A,H6,index_9nt_135,ccattaata,,,,,,,,,,,,,
4A,H7,index_10nt_482,agccaagaac,,,,,,,,,,,,,
4A,H8,index_8nt_136,acgtaact,,,,,,,,,,,,,
4A,H9,index_9nt_136,ttgaccata,,,,,,,,,,,,,
4A,H10,index_10nt_484,ttggcagaac,,,,,,,,,,,,,
4A,H11,index_8nt_137,gttatact,,,,,,,,,,,,,
4A,H12,index_9nt_137,aatgccata,,,,,,,,,,,,,
5A,A1,index_8nt_138,ctctagct,,,,,,,,,,,,,
5A,A2,index_9nt_138,ggaggcata,,,,,,,,,,,,,
5A,A3,index_10nt_496,aagccataac,,,,,,,,,,,,,
5A,A4,index_8nt_139,tggcatct,,,,,,,,,,,,,
5A,A5,index_9nt_139,aaccagata,,,,,,,,,,,,,
5A,A6,index_10nt_499,actaactaac,,,,,,,,,,,,,
5A,A7,index_8nt_140,gaatgagt,,,,,,,,,,,,,
5A,A8,index_9nt_140,cttccgata,,,,,,,,,,,,,
5A,A9,index_10nt_501,tagagctaac,,,,,,,,,,,,,
5A,A10,index_8nt_141,gccgtcgt,,,,,,,,,,,,,
5A,A11,index_9nt_141,tcagcgata,,,,,,,,,,,,,
5A,A12,index_10nt_506,gtatcaagac,,,,,,,,,,,,,
5A,B1,index_8nt_142,ccggcggt,,,,,,,,,,,,,
5A,B2,index_9nt_142,aggtcgata,,,,,,,,,,,,,
5A,B3,index_10nt_509,attagcagac,,,,,,,,,,,,,
5A,B4,index_8nt_143,actatggt,,,,,,,,,,,,,
5A,B5,index_9nt_143,gcgcggata,,,,,,,,,,,,,
5A,B6,index_10nt_512,cgtcggagac,,,,,,,,,,,,,
5A,B7,index_8nt_144,agaagatt,,,,,,,,,,,,,
5A,B8,index_9nt_144,gtcttgata,,,,,,,,,,,,,
5A,B9,index_10nt_524,tactatcgac,,,,,,,,,,,,,
5A,B10,index_9nt_145,gataatata,,,,,,,,,,,,,
5A,B11,index_10nt_532,tccgttggac,,,,,,,,,,,,,
5A,B12,index_8nt_146,ggatcctt,,,,,,,,,,,,,
5A,C1,index_9nt_146,tcgtatata,,,,,,,,,,,,,
5A,C2,index_10nt_538,aacctctgac,,,,,,,,,,,,,
5A,C3,index_8nt_147,caacgctt,,,,,,,,,,,,,
5A,C4,index_9nt_147,ctcggtata,,,,,,,,,,,,,
5A,C5,index_10nt_565,ttaatggtac,,,,,,,,,,,,,
5A,C6,index_8nt_148,ggtcagtt,,,,,,,,,,,,,
5A,C7,index_9nt_148,ttatgacta,,,,,,,,,,,,,
5A,C8,index_10nt_566,ttcggattac,,,,,,,,,,,,,
5A,C9,index_8nt_149,attgcgtt,,,,,,,,,,,,,
5A,C10,index_9nt_149,gttctacta,,,,,,,,,,,,,
5A,C11,index_10nt_567,taagacttac,,,,,,,,,,,,,
5A,C12,index_9nt_150,catagccta,,,,,,,,,,,,,
5A,D1,index_10nt_568,agttagttac,,,,,,,,,,,,,
5A,D2,index_9nt_151,gaattccta,,,,,,,,,,,,,
5A,D3,index_10nt_570,atatccaacc,,,,,,,,,,,,,
5A,D4,index_9nt_152,agtcatcta,,,,,,,,,,,,,
5A,D5,index_10nt_600,tcagcgtacc,,,,,,,,,,,,,
5A,D6,index_9nt_153,gcctctcta,,,,,,,,,,,,,
5A,D7,index_9nt_154,tgcattcta,,,,,,,,,,,,,
5A,D8,index_10nt_606,cagataagcc,,,,,,,,,,,,,
5A,D9,index_9nt_155,aaggttcta,,,,,,,,,,,,,
5A,D10,index_10nt_610,ccttctagcc,,,,,,,,,,,,,
5A,D11,index_9nt_156,ccttccgta,,,,,,,,,,,,,
5A,D12,index_10nt_615,tctcgccgcc,,,,,,,,,,,,,
5A,E1,index_9nt_157,atagaggta,,,,,,,,,,,,,
5A,E2,index_10nt_622,ccaggtcgcc,,,,,,,,,,,,,
5A,E3,index_9nt_158,cagtaggta,,,,,,,,,,,,,
5A,E4,index_10nt_623,taacttcgcc,,,,,,,,,,,,,
5A,E5,index_9nt_159,cgctactta,,,,,,,,,,,,,
5A,E6,index_10nt_631,ttctctggcc,,,,,,,,,,,,,
5A,E7,index_9nt_160,attcgctta,,,,,,,,,,,,,
5A,E8,index_10nt_632,gctgactgcc,,,,,,,,,,,,,
5A,E9,index_9nt_161,accatctta,,,,,,,,,,,,,
5A,E10,index_10nt_633,ctctactgcc,,,,,,,,,,,,,
5A,E11,index_9nt_162,aagaggtta,,,,,,,,,,,,,
5A,E12,index_10nt_634,aattcctgcc,,,,,,,,,,,,,
5A,F1,index_9nt_163,ggttggtta,,,,,,,,,,,,,
5A,F2,index_10nt_635,agagtctgcc,,,,,,,,,,,,,
5A,F3,index_9nt_164,gcgaccaac,,,,,,,,,,,,,
5A,F4,index_10nt_637,tgcgattgcc,,,,,,,,,,,,,
5A,F5,index_9nt_165,ttacgcaac,,,,,,,,,,,,,
5A,F6,index_10nt_639,tctgccatcc,,,,,,,,,,,,,
5A,F7,index_9nt_166,gactgcaac,,,,,,,,,,,,,
5A,F8,index_10nt_641,ctgctcatcc,,,,,,,,,,,,,
5A,F9,index_10nt_643,agattgatcc,,,,,,,,,,,,,
5A,F10,index_9nt_168,cgtaagaac,,,,,,,,,,,,,
5A,F11,index_10nt_645,aatattatcc,,,,,,,,,,,,,
5A,F12,index_9nt_169,gtcgagaac,,,,,,,,,,,,,
5A,G1,index_10nt_646,atggaactcc,,,,,,,,,,,,,
5A,G2,index_9nt_170,caaccgaac,,,,,,,,,,,,,
5A,G3,index_10nt_647,taataactcc,,,,,,,,,,,,,
5A,G4,index_9nt_171,atgaggaac,,,,,,,,,,,,,
5A,G5,index_10nt_650,tggcggctcc,,,,,,,,,,,,,
5A,G6,index_9nt_172,gctctgaac,,,,,,,,,,,,,
5A,G7,index_10nt_651,cgcagtctcc,,,,,,,,,,,,,
5A,G8,index_9nt_173,tgattgaac,,,,,,,,,,,,,
5A,G9,index_9nt_174,acggataac,,,,,,,,,,,,,
5A,G10,index_10nt_655,taggcggtcc,,,,,,,,,,,,,
5A,G11,index_9nt_175,tggcctaac,,,,,,,,,,,,,
5A,G12,index_10nt_656,gacttggtcc,,,,,,,,,,,,,
5A,H1,index_9nt_176,cttgctaac,,,,,,,,,,,,,
5A,H2,index_10nt_658,gtattattcc,,,,,,,,,,,,,
5A,H3,index_9nt_177,ccaattaac,,,,,,,,,,,,,
5A,H4,index_10nt_659,tgcttcttcc,,,,,,,,,,,,,
5A,H5,index_9nt_178,ctataagac,,,,,,,,,,,,,
5A,H6,index_10nt_661,gtcgcgttcc,,,,,,,,,,,,,
5A,H7,index_9nt_179,tctccagac,,,,,,,,,,,,,
5A,H8,index_10nt_662,gttcgcaagc,,,,,,,,,,,,,
5A,H9,index_9nt_180,accggagac,,,,,,,,,,,,,
5A,H10,index_10nt_663,ccattcaagc,,,,,,,,,,,,,
5A,H11,index_9nt_181,gttatagac,,,,,,,,,,,,,
5A,H12,index_10nt_666,cgcaataagc,,,,,,,,,,,,,
6A,A1,index_9nt_182,agtcgcgac,,,,,,,,,,,,,
6A,A2,index_10nt_667,gaggctaagc,,,,,,,,,,,,,
6A,A3,index_9nt_183,ctcctcgac,,,,,,,,,,,,,
6A,A4,index_10nt_668,agacgtaagc,,,,,,,,,,,,,
6A,A5,index_9nt_184,acgttcgac,,,,,,,,,,,,,
6A,A6,index_10nt_669,ggtccgcagc,,,,,,,,,,,,,
6A,A7,index_9nt_185,gattaggac,,,,,,,,,,,,,
6A,A8,index_10nt_670,actaggcagc,,,,,,,,,,,,,
6A,A9,index_9nt_186,ttagcggac,,,,,,,,,,,,,
6A,A10,index_10nt_675,tggctagagc,,,,,,,,,,,,,
6A,A11,index_9nt_187,agctcggac,,,,,,,,,,,,,
6A,A12,index_10nt_676,gatgacgagc,,,,,,,,,,,,,
6A,B1,index_9nt_188,tagctggac,,,,,,,,,,,,,
6A,B2,index_10nt_679,aggacggagc,,,,,,,,,,,,,
6A,B3,index_9nt_189,gaggctgac,,,,,,,,,,,,,
6A,B4,index_10nt_685,gcatggtagc,,,,,,,,,,,,,
6A,B5,index_9nt_190,agagttgac,,,,,,,,,,,,,
6A,B6,index_10nt_692,gtctagacgc,,,,,,,,,,,,,
6A,B7,index_9nt_191,tgcagatac,,,,,,,,,,,,,
6A,B8,index_10nt_694,tatctgacgc,,,,,,,,,,,,,
6A,B9,index_9nt_192,gaagtatac,,,,,,,,,,,,,
6A,B10,index_10nt_696,tgcggtacgc,,,,,,,,,,,,,
6A,B11,index_9nt_193,cgagcctac,,,,,,,,,,,,,
6A,B12,index_10nt_702,ttgaagccgc,,,,,,,,,,,,,
6A,C1,index_9nt_194,cctagctac,,,,,,,,,,,,,
6A,C2,index_10nt_710,ccggcagcgc,,,,,,,,,,,,,
6A,C3,index_9nt_195,aggcagtac,,,,,,,,,,,,,
6A,C4,index_10nt_712,agcaacgcgc,,,,,,,,,,,,,
6A,C5,index_9nt_196,ttgaattac,,,,,,,,,,,,,
6A,C6,index_10nt_713,gcaaccgcgc,,,,,,,,,,,,,
6A,C7,index_9nt_197,taatcttac,,,,,,,,,,,,,
6A,C8,index_10nt_717,gaatatgcgc,,,,,,,,,,,,,
6A,C9,index_9nt_198,atccgttac,,,,,,,,,,,,,
6A,C10,index_10nt_724,tacgcgtcgc,,,,,,,,,,,,,
6A,C11,index_9nt_199,aagccaacc,,,,,,,,,,,,,
6A,C12,index_10nt_725,acgtcttcgc,,,,,,,,,,,,,
6A,D1,index_9nt_200,ccttcaacc,,,,,,,,,,,,,
6A,D2,index_10nt_726,catggttcgc,,,,,,,,,,,,,
6A,D3,index_9nt_201,cgaagaacc,,,,,,,,,,,,,
6A,D4,index_10nt_727,ttacgaaggc,,,,,,,,,,,,,
6A,D5,index_9nt_202,attggaacc,,,,,,,,,,,,,
6A,D6,index_10nt_730,gaagtcaggc,,,,,,,,,,,,,
6A,D7,index_9nt_203,tatataacc,,,,,,,,,,,,,
6A,D8,index_10nt_734,atccgccggc,,,,,,,,,,,,,
6A,D9,index_9nt_204,gtattaacc,,,,,,,,,,,,,
6A,D10,index_10nt_735,catatccggc,,,,,,,,,,,,,
6A,D11,index_9nt_205,accgcgacc,,,,,,,,,,,,,
6A,D12,index_10nt_736,tatgagcggc,,,,,,,,,,,,,
6A,E1,index_9nt_206,atcaatacc,,,,,,,,,,,,,
6A,E2,index_10nt_738,gcctctcggc,,,,,,,,,,,,,
6A,E3,index_9nt_207,agatctacc,,,,,,,,,,,,,
6A,E4,index_10nt_739,cgaagatggc,,,,,,,,,,,,,
6A,E5,index_9nt_208,gagagtacc,,,,,,,,,,,,,
6A,E6,index_10nt_740,ggagcttggc,,,,,,,,,,,,,
6A,E7,index_9nt_209,ttggttacc,,,,,,,,,,,,,
6A,E8,index_10nt_743,gcgcggatgc,,,,,,,,,,,,,
6A,E9,index_10nt_744,ttgattatgc,,,,,,,,,,,,,
6A,E10,index_9nt_211,gcgtaagcc,,,,,,,,,,,,,
6A,E11,index_10nt_745,gcgttactgc,,,,,,,,,,,,,
6A,E12,index_9nt_212,catcgagcc,,,,,,,,,,,,,
6A,F1,index_10nt_747,ggtagcctgc,,,,,,,,,,,,,
6A,F2,index_9nt_213,aaggacgcc,,,,,,,,,,,,,
6A,F3,index_10nt_748,ttagcgctgc,,,,,,,,,,,,,
6A,F4,index_9nt_214,ggaaccgcc,,,,,,,,,,,,,
6A,F5,index_10nt_749,catcctctgc,,,,,,,,,,,,,
6A,F6,index_9nt_215,ctgaaggcc,,,,,,,,,,,,,
6A,F7,index_10nt_751,aaccaattgc,,,,,,,,,,,,,
6A,F8,index_9nt_216,gccatggcc,,,,,,,,,,,,,
6A,F9,index_10nt_752,gattcattgc,,,,,,,,,,,,,
6A,F10,index_9nt_217,cgactggcc,,,,,,,,,,,,,
6A,F11,index_10nt_753,atctccttgc,,,,,,,,,,,,,
6A,F12,index_9nt_218,actcatgcc,,,,,,,,,,,,,
6A,G1,index_10nt_754,tcaagcttgc,,,,,,,,,,,,,
6A,G2,index_9nt_219,ggtccatcc,,,,,,,,,,,,,
6A,G3,index_10nt_756,atgaggttgc,,,,,,,,,,,,,
6A,G4,index_9nt_220,acgatatcc,,,,,,,,,,,,,
6A,G5,index_10nt_758,tggtccaatc,,,,,,,,,,,,,
6A,G6,index_9nt_221,gttaactcc,,,,,,,,,,,,,
6A,G7,index_10nt_765,gagaatcatc,,,,,,,,,,,,,
6A,G8,index_9nt_222,atctcctcc,,,,,,,,,,,,,
6A,G9,index_10nt_768,ctcctagatc,,,,,,,,,,,,,
6A,G10,index_9nt_223,gaacgctcc,,,,,,,,,,,,,
6A,G11,index_10nt_769,tcttacgatc,,,,,,,,,,,,,
6A,G12,index_10nt_770,aatatggatc,,,,,,,,,,,,,
6A,H1,index_9nt_225,cggttctcc,,,,,,,,,,,,,
6A,H2,index_10nt_773,tattgatatc,,,,,,,,,,,,,
6A,H3,index_9nt_226,caagagtcc,,,,,,,,,,,,,
6A,H4,index_10nt_774,ggcatatatc,,,,,,,,,,,,,
6A,H5,index_9nt_227,ccgccgtcc,,,,,,,,,,,,,
6A,H6,index_10nt_776,acttcgtatc,,,,,,,,,,,,,
6A,H7,index_9nt_228,tcaaggtcc,,,,,,,,,,,,,
6A,H8,index_10nt_783,gaccatactc,,,,,,,,,,,,,
6A,H9,index_9nt_229,cgccattcc,,,,,,,,,,,,,
6A,H10,index_10nt_784,ttatatactc,,,,,,,,,,,,,
6A,H11,index_9nt_230,ctaacttcc,,,,,,,,,,,,,
6A,H12,index_9nt_231,agtagttcc,,,,,,,,,,,,,
7A,A1,index_10nt_788,tccggacctc,,,,,,,,,,,,,
7A,A2,index_9nt_232,tcctgaagc,,,,,,,,,,,,,
7A,A3,index_10nt_791,aggctgcctc,,,,,,,,,,,,,
7A,A4,index_9nt_233,ggtagcagc,,,,,,,,,,,,,
7A,A5,index_10nt_793,ccaattcctc,,,,,,,,,,,,,
7A,A6,index_9nt_234,cagcgcagc,,,,,,,,,,,,,
7A,A7,index_10nt_800,cataatgctc,,,,,,,,,,,,,
7A,A8,index_9nt_235,attctcagc,,,,,,,,,,,,,
7A,A9,index_10nt_801,gtacttgctc,,,,,,,,,,,,,
7A,A10,index_9nt_236,gcagtcagc,,,,,,,,,,,,,
7A,A11,index_10nt_802,ttaccatctc,,,,,,,,,,,,,
7A,A12,index_9nt_237,agagagagc,,,,,,,,,,,,,
7A,B1,index_10nt_803,acgatatctc,,,,,,,,,,,,,
7A,B2,index_9nt_238,gtaacgagc,,,,,,,,,,,,,
7A,B3,index_10nt_805,taccgctctc,,,,,,,,,,,,,
7A,B4,index_9nt_239,ccgttgagc,,,,,,,,,,,,,
7A,B5,index_10nt_806,gtatgctctc,,,,,,,,,,,,,
7A,B6,index_9nt_240,gaccatagc,,,,,,,,,,,,,
7A,B7,index_10nt_808,gagaggtctc,,,,,,,,,,,,,
7A,B8,index_9nt_241,cctcaacgc,,,,,,,,,,,,,
7A,B9,index_10nt_812,tctacgagtc,,,,,,,,,,,,,
7A,B10,index_9nt_242,atggaacgc,,,,,,,,,,,,,
7A,B11,index_10nt_817,gaaccgcgtc,,,,,,,,,,,,,
7A,B12,index_9nt_243,gaataacgc,,,,,,,,,,,,,
7A,C1,index_10nt_819,ttggctcgtc,,,,,,,,,,,,,
7A,C2,index_9nt_244,ggccgacgc,,,,,,,,,,,,,
7A,C3,index_10nt_822,tatcctggtc,,,,,,,,,,,,,
7A,C4,index_9nt_245,atcagccgc,,,,,,,,,,,,,
7A,C5,index_10nt_824,gtcgtaattc,,,,,,,,,,,,,
7A,C6,index_9nt_246,ccatgccgc,,,,,,,,,,,,,
7A,C7,index_10nt_830,cgattccttc,,,,,,,,,,,,,
7A,C8,index_9nt_247,aagacgcgc,,,,,,,,,,,,,
7A,C9,index_10nt_831,gctaagcttc,,,,,,,,,,,,,
7A,C10,index_9nt_248,ttctcgcgc,,,,,,,,,,,,,
7A,C11,index_10nt_832,ctctggcttc,,,,,,,,,,,,,
7A,C12,index_9nt_249,cttatgcgc,,,,,,,,,,,,,
7A,D1,index_10nt_833,tacctgcttc,,,,,,,,,,,,,
7A,D2,index_9nt_250,gcgaatcgc,,,,,,,,,,,,,
7A,D3,index_10nt_835,tccatagttc,,,,,,,,,,,,,
7A,D4,index_9nt_251,cgacctcgc,,,,,,,,,,,,,
7A,D5,index_10nt_837,cctctcgttc,,,,,,,,,,,,,
7A,D6,index_9nt_252,actggtcgc,,,,,,,,,,,,,
7A,D7,index_10nt_838,ttatgccaag,,,,,,,,,,,,,
7A,D8,index_9nt_253,gtcgttcgc,,,,,,,,,,,,,
7A,D9,index_10nt_839,atcctccaag,,,,,,,,,,,,,
7A,D10,index_9nt_254,cgcgaaggc,,,,,,,,,,,,,
7A,D11,index_10nt_840,gcgttccaag,,,,,,,,,,,,,
7A,D12,index_9nt_255,aacctaggc,,,,,,,,,,,,,
7A,E1,index_10nt_841,gaggcgcaag,,,,,,,,,,,,,
7A,E2,index_9nt_256,cataccggc,,,,,,,,,,,,,
7A,E3,index_10nt_842,acgcggcaag,,,,,,,,,,,,,
7A,E4,index_9nt_257,gcctccggc,,,,,,,,,,,,,
7A,E5,index_10nt_843,cgctggcaag,,,,,,,,,,,,,
7A,E6,index_9nt_258,ttgatcggc,,,,,,,,,,,,,
7A,E7,index_10nt_844,ggatctcaag,,,,,,,,,,,,,
7A,E8,index_9nt_259,gttcctggc,,,,,,,,,,,,,
7A,E9,index_10nt_845,caaggtcaag,,,,,,,,,,,,,
7A,E10,index_9nt_260,caggcatgc,,,,,,,,,,,,,
7A,E11,index_10nt_846,ctatcagaag,,,,,,,,,,,,,
7A,E12,index_9nt_261,ctacgatgc,,,,,,,,,,,,,
7A,F1,index_10nt_847,ggtagcgaag,,,,,,,,,,,,,
7A,F2,index_9nt_262,accgactgc,,,,,,,,,,,,,
7A,F3,index_10nt_848,agtccggaag,,,,,,,,,,,,,
7A,F4,index_9nt_263,aattgctgc,,,,,,,,,,,,,
7A,F5,index_10nt_849,accaatgaag,,,,,,,,,,,,,
7A,F6,index_9nt_264,ggttattgc,,,,,,,,,,,,,
7A,F7,index_10nt_850,gtagatgaag,,,,,,,,,,,,,
7A,F8,index_9nt_265,tgcgcttgc,,,,,,,,,,,,,
7A,F9,index_9nt_266,acttagatc,,,,,,,,,,,,,
7A,F10,index_10nt_852,gtcggctaag,,,,,,,,,,,,,
7A,F11,index_9nt_267,ctgcatatc,,,,,,,,,,,,,
7A,F12,index_10nt_853,atggagtaag,,,,,,,,,,,,,
7A,G1,index_9nt_268,tctagtatc,,,,,,,,,,,,,
7A,G2,index_10nt_854,cgagcgtaag,,,,,,,,,,,,,
7A,G3,index_9nt_269,acgcgactc,,,,,,,,,,,,,
7A,G4,index_10nt_856,aattagccag,,,,,,,,,,,,,
7A,G5,index_9nt_270,gatggactc,,,,,,,,,,,,,
7A,G6,index_10nt_857,cctatgccag,,,,,,,,,,,,,
7A,G7,index_9nt_271,gcaatactc,,,,,,,,,,,,,
7A,G8,index_10nt_858,gcgcatccag,,,,,,,,,,,,,
7A,G9,index_9nt_272,agcgtactc,,,,,,,,,,,,,
7A,G10,index_10nt_861,atcatagcag,,,,,,,,,,,,,
7A,G11,index_10nt_866,gacgttgcag,,,,,,,,,,,,,
7A,G12,index_9nt_274,gtagacctc,,,,,,,,,,,,,
7A,H1,index_10nt_867,gagtaatcag,,,,,,,,,,,,,
7A,H2,index_9nt_275,cgatagctc,,,,,,,,,,,,,
7A,H3,index_10nt_868,gcagcctcag,,,,,,,,,,,,,
7A,H4,index_9nt_276,ataccgctc,,,,,,,,,,,,,
7A,H5,index_10nt_873,gcgagcagag,,,,,,,,,,,,,
7A,H6,index_9nt_277,gcggcgctc,,,,,,,,,,,,,
7A,H7,index_10nt_874,cttgagagag,,,,,,,,,,,,,
7A,H8,index_9nt_278,aactggctc,,,,,,,,,,,,,
7A,H9,index_10nt_876,catagtagag,,,,,,,,,,,,,
7A,H10,index_9nt_279,ccagcagtc,,,,,,,,,,,,,
7A,H11,index_10nt_887,aactgatgag,,,,,,,,,,,,,
7A,H12,index_9nt_280,ctcagagtc,,,,,,,,,,,,,
8A,A1,index_10nt_889,tgatattgag,,,,,,,,,,,,,
8A,A2,index_9nt_281,ggatgagtc,,,,,,,,,,,,,
8A,A3,index_10nt_892,ttccggatag,,,,,,,,,,,,,
8A,A4,index_9nt_282,ggccaggtc,,,,,,,,,,,,,
8A,A5,index_10nt_895,ccgtaactag,,,,,,,,,,,,,
8A,A6,index_9nt_283,aggatggtc,,,,,,,,,,,,,
8A,A7,index_10nt_899,tctggtctag,,,,,,,,,,,,,
8A,A8,index_9nt_284,gagcaattc,,,,,,,,,,,,,
8A,A9,index_10nt_902,ccaagcgtag,,,,,,,,,,,,,
8A,A10,index_9nt_285,gtcgcattc,,,,,,,,,,,,,
8A,A11,index_10nt_903,caggaggtag,,,,,,,,,,,,,
8A,A12,index_9nt_286,atggtcttc,,,,,,,,,,,,,
8A,B1,index_10nt_906,catatattag,,,,,,,,,,,,,
8A,B2,index_9nt_287,cattcgttc,,,,,,,,,,,,,
8A,B3,index_10nt_908,tcgctcttag,,,,,,,,,,,,,
8A,B4,index_9nt_288,atagtcaag,,,,,,,,,,,,,
8A,B5,index_10nt_909,cgcgccaacg,,,,,,,,,,,,,
8A,B6,index_10nt_910,gcatgcaacg,,,,,,,,,,,,,
8A,B7,index_9nt_290,gtatctaag,,,,,,,,,,,,,
8A,B8,index_10nt_911,gttgcgaacg,,,,,,,,,,,,,
8A,B9,index_9nt_291,catcgtaag,,,,,,,,,,,,,
8A,B10,index_10nt_912,gagcggaacg,,,,,,,,,,,,,
8A,B11,index_9nt_292,cgcgttaag,,,,,,,,,,,,,
8A,B12,index_10nt_925,agtacctacg,,,,,,,,,,,,,
8A,C1,index_9nt_293,gatatccag,,,,,,,,,,,,,
8A,C2,index_10nt_926,gcctagtacg,,,,,,,,,,,,,
8A,C3,index_9nt_294,agatggcag,,,,,,,,,,,,,
8A,C4,index_10nt_934,caagcagccg,,,,,,,,,,,,,
8A,C5,index_9nt_295,ctcaatcag,,,,,,,,,,,,,
8A,C6,index_10nt_936,ggtatggccg,,,,,,,,,,,,,
8A,C7,index_9nt_296,atgcttcag,,,,,,,,,,,,,
8A,C8,index_10nt_937,attaatgccg,,,,,,,,,,,,,
8A,C9,index_9nt_297,ccggtagag,,,,,,,,,,,,,
8A,C10,index_10nt_938,ccggatgccg,,,,,,,,,,,,,
8A,C11,index_9nt_298,atcttagag,,,,,,,,,,,,,
8A,C12,index_10nt_939,gcgcgctccg,,,,,,,,,,,,,
8A,D1,index_10nt_942,caactctccg,,,,,,,,,,,,,
8A,D2,index_9nt_300,gcgcaggag,,,,,,,,,,,,,
8A,D3,index_10nt_943,gatgagtccg,,,,,,,,,,,,,
8A,D4,index_9nt_301,cagacggag,,,,,,,,,,,,,
8A,D5,index_10nt_946,tacggttccg,,,,,,,,,,,,,
8A,D6,index_9nt_302,actattgag,,,,,,,,,,,,,
8A,D7,index_10nt_947,aggtcaagcg,,,,,,,,,,,,,
8A,D8,index_9nt_303,attgcatag,,,,,,,,,,,,,
8A,D9,index_10nt_953,aagctccgcg,,,,,,,,,,,,,
8A,D10,index_9nt_304,cgccgctag,,,,,,,,,,,,,
8A,D11,index_10nt_955,cagactcgcg,,,,,,,,,,,,,
8A,D12,index_9nt_305,tacgcgtag,,,,,,,,,,,,,
8A,E1,index_10nt_956,ggaattcgcg,,,,,,,,,,,,,
8A,E2,index_9nt_306,gttcggtag,,,,,,,,,,,,,
8A,E3,index_10nt_957,ttcgttcgcg,,,,,,,,,,,,,
8A,E4,index_9nt_307,tcagattag,,,,,,,,,,,,,
8A,E5,index_10nt_959,gcgtctggcg,,,,,,,,,,,,,
8A,E6,index_9nt_308,cggtattag,,,,,,,,,,,,,
8A,E7,index_10nt_960,cctattggcg,,,,,,,,,,,,,
8A,E8,index_9nt_309,gcggcaacg,,,,,,,,,,,,,
8A,E9,index_10nt_964,ggtctctgcg,,,,,,,,,,,,,
8A,E10,index_9nt_310,cttctaacg,,,,,,,,,,,,,
8A,E11,index_10nt_965,gttacttgcg,,,,,,,,,,,,,
8A,E12,index_9nt_311,atggagacg,,,,,,,,,,,,,
8A,F1,index_10nt_966,aatcgttgcg,,,,,,,,,,,,,
8A,F2,index_9nt_312,ggatagacg,,,,,,,,,,,,,
8A,F3,index_10nt_968,catcatatcg,,,,,,,,,,,,,
8A,F4,index_9nt_313,ttcaggacg,,,,,,,,,,,,,
8A,F5,index_10nt_969,aacggactcg,,,,,,,,,,,,,
8A,F6,index_9nt_314,agtatgacg,,,,,,,,,,,,,
8A,F7,index_10nt_970,cgcgagctcg,,,,,,,,,,,,,
8A,F8,index_9nt_315,atacgtacg,,,,,,,,,,,,,
8A,F9,index_10nt_972,ctattgctcg,,,,,,,,,,,,,
8A,F10,index_9nt_316,cgagaaccg,,,,,,,,,,,,,
8A,F11,index_10nt_973,aggcctctcg,,,,,,,,,,,,,
8A,F12,index_9nt_317,aatagaccg,,,,,,,,,,,,,
8A,G1,index_10nt_976,tgcgcagtcg,,,,,,,,,,,,,
8A,G2,index_9nt_318,gcatgaccg,,,,,,,,,,,,,
8A,G3,index_10nt_977,tatcgagtcg,,,,,,,,,,,,,
8A,G4,index_9nt_319,gacgtaccg,,,,,,,,,,,,,
8A,G5,index_10nt_978,ctgatagtcg,,,,,,,,,,,,,
8A,G6,index_9nt_320,caatcgccg,,,,,,,,,,,,,
8A,G7,index_10nt_979,gcagaggtcg,,,,,,,,,,,,,
8A,G8,index_9nt_321,aggaatccg,,,,,,,,,,,,,
8A,G9,index_10nt_980,gagctattcg,,,,,,,,,,,,,
8A,G10,index_9nt_322,ctggctccg,,,,,,,,,,,,,
8A,G11,index_10nt_983,agctgcaagg,,,,,,,,,,,,,
8A,G12,index_9nt_323,ggacttccg,,,,,,,,,,,,,
8A,H1,index_10nt_984,cggctcaagg,,,,,,,,,,,,,
8A,H2,index_9nt_324,cgcatagcg,,,,,,,,,,,,,
8A,H3,index_10nt_985,cgatagaagg,,,,,,,,,,,,,
8A,H4,index_9nt_325,gttgccgcg,,,,,,,,,,,,,
8A,H5,index_10nt_986,ttggataagg,,,,,,,,,,,,,
8A,H6,index_9nt_326,acctgcgcg,,,,,,,,,,,,,
8A,H7,index_10nt_987,gcaattaagg,,,,,,,,,,,,,
8A,H8,index_9nt_327,cagctcgcg,,,,,,,,,,,,,
8A,H9,index_10nt_990,tccaagcagg,,,,,,,,,,,,,
8A,H10,index_9nt_328,ggcgatgcg,,,,,,,,,,,,,
8A,H11,index_10nt_994,tgaatggagg,,,,,,,,,,,,,
8A,H12,index_9nt_329,ctctaatcg,,,,,,,,,,,,,
