Sort,Population,Population_Code,Species,Variety,Sample,Well,Plate,Replicate,DNA_ug_ml,DNA_ug_ml_adj,Notes
1,Bluewood,BW,Eriogonum compositum,na,BW_01,A1,1,no,13.11,8.5875,
2,Bluewood,BW,Eriogonum compositum,na,BW_02,B1,1,no,15.73,11.2075,
3,Bluewood,BW,Eriogonum compositum,na,BW_03,C1,1,no,10.435,5.9125,
4,Bluewood,BW,Eriogonum compositum,na,BW_04,D1,1,no,17.235,12.7125,
5,Bluewood,BW,Eriogonum compositum,na,BW_05,E1,1,no,14.975,10.4525,
6,Bluewood,BW,Eriogonum compositum,na,BW_06,F1,1,no,19.06,14.5375,
7,Bluewood,BW,Eriogonum compositum,na,BW_07,G1,1,no,10.215,5.6925,
8,Bluewood,BW,Eriogonum compositum,na,BW_08,H1,1,no,10.975,6.4525,
9,Bluewood,BW,Eriogonum compositum,na,BW_09,A2,1,no,5.6,1.0775,
10,Bluewood,BW,Eriogonum compositum,na,BW_10,B2,1,no,6.35,1.8275,
11,Bluewood,BW,Eriogonum compositum,na,BW_11,C2,1,no,13.28,8.7575,
12,Bluewood,BW,Eriogonum compositum,na,BW_12,D2,1,no,4.785,0.2625,
13,Joseph,JS,ERUM,unk,JS_01,E2,1,no,38.155,33.6325,
14,Joseph,JS,ERUM,unk,JS_02,F2,1,no,23.345,18.8225,
15,Joseph,JS,ERUM,unk,JS_03,G2,1,no,31.92,27.3975,
16,Joseph,JS,ERUM,unk,JS_04,H2,1,no,31.26,26.7375,
17,Joseph,JS,ERUM,unk,JS_05,A3,1,no,23.91,19.3875,
18,Joseph,JS,ERUM,unk,JS_06,B3,1,no,16.21,11.6875,
19,Joseph,JS,ERUM,unk,JS_07,C3,1,no,26.57,22.0475,
20,Joseph,JS,ERUM,unk,JS_08,D3,1,yes,24.4,19.8775,
21,Joseph,JS,ERUM,unk,JS_09,E3,1,no,25.51,20.9875,
22,Joseph,JS,ERUM,unk,JS_10,F3,1,no,28.355,23.8325,
23,Joseph,JS,ERUM,unk,JS_11,G3,1,no,32.285,27.7625,
24,Joseph,JS,ERUM,unk,JS_12,H3,1,no,24.315,19.7925,
25,JP Desert Cottonwood Creek,JP,ERUM,aureum,JP_01,A4,1,no,6.45,1.9275,
26,JP Desert Cottonwood Creek,JP,ERUM,aureum,JP_02,B4,1,no,5.045,0.5225,
27,JP Desert Cottonwood Creek,JP,ERUM,aureum,JP_03,C4,1,no,5.385,0.8625,
28,JP Desert Cottonwood Creek,JP,ERUM,aureum,JP_04,D4,1,no,10.08,5.5575,
29,JP Desert Cottonwood Creek,JP,ERUM,aureum,JP_05,E4,1,no,7.855,3.3325,
30,JP Desert Cottonwood Creek,JP,ERUM,aureum,JP_06,F4,1,no,13.59,9.0675,
31,JP Desert Cottonwood Creek,JP,ERUM,aureum,JP_07,G4,1,no,9.015,4.4925,
32,JP Desert Cottonwood Creek,JP,ERUM,aureum,JP_08,H4,1,no,11.09,6.5675,
33,JP Desert Cottonwood Creek,JP,ERUM,aureum,JP_09,A5,1,no,8.245,3.7225,
34,JP Desert Cottonwood Creek,JP,ERUM,aureum,JP_10,B5,1,no,7.945,3.4225,
35,Tennessee Mt,TM,Eriogonum strictum,na,TM_01,C5,1,yes,8.61,4.0875,
36,Tennessee Mt,TM,Eriogonum strictum,na,TM_02,D5,1,no,10.4,5.8775,
37,Tennessee Mt,TM,Eriogonum strictum,na,TM_03,E5,1,no,9.69,5.1675,
38,Tennessee Mt,TM,Eriogonum strictum,na,TM_04,F5,1,no,8.62,4.0975,
39,Tennessee Mt,TM,Eriogonum strictum,na,TM_05,G5,1,no,10.235,5.7125,
40,Tennessee Mt,TM,Eriogonum strictum,na,TM_06,H5,1,no,10.9,6.3775,
41,Tennessee Mt,TM,Eriogonum strictum,na,TM_07,A6,1,no,8.175,3.6525,
42,Tennessee Mt,TM,Eriogonum strictum,na,TM_08,B6,1,no,8.505,3.9825,
43,Tennessee Mt,TM,Eriogonum strictum,na,TM_09,C6,1,no,6.61,2.0875,
44,Tennessee Mt,TM,Eriogonum strictum,na,TM_10,D6,1,no,12.63,8.1075,
45,Angel Creek,AC,ERUM,dichrocephalum,AC_01,E6,1,yes,18.555,14.0325,
46,Angel Creek,AC,ERUM,dichrocephalum,AC_02,F6,1,no,16.2,11.6775,
47,Angel Creek,AC,ERUM,dichrocephalum,AC_03,G6,1,no,20.255,15.7325,
48,Angel Creek,AC,ERUM,dichrocephalum,AC_04,H6,1,no,7.805,3.2825,
49,Angel Creek,AC,ERUM,dichrocephalum,AC_05,A7,1,no,16.77,12.2475,
50,Angel Creek,AC,ERUM,dichrocephalum,AC_06,B7,1,no,7.77,3.2475,
51,Angel Creek,AC,ERUM,dichrocephalum,AC_07,C7,1,no,10.83,6.3075,
52,Angel Creek,AC,ERUM,dichrocephalum,AC_08,D7,1,no,18.255,13.7325,
53,Angel Creek,AC,ERUM,dichrocephalum,AC_09,E7,1,no,25.87,21.3475,
54,Angel Creek,AC,ERUM,dichrocephalum,AC_10,F7,1,no,11.91,7.3875,
55,Bald Eagle Mt,BE,ERUM,majus,BE_01,G7,1,no,11.955,7.4325,
56,Bald Eagle Mt,BE,ERUM,majus,BE_02,H7,1,no,12.435,7.9125,
57,Bald Eagle Mt,BE,ERUM,majus,BE_03,A8,1,no,11.16,6.6375,
58,Bald Eagle Mt,BE,ERUM,majus,BE_04,B8,1,no,13.835,9.3125,
59,Bald Eagle Mt,BE,ERUM,majus,BE_05,C8,1,no,9.5,4.9775,
60,Bald Eagle Mt,BE,ERUM,majus,BE_06,D8,1,no,8.525,4.0025,
61,Bald Eagle Mt,BE,ERUM,majus,BE_07,E8,1,no,19.49,14.9675,
62,Bald Eagle Mt,BE,ERUM,majus,BE_08,F8,1,no,13.47,8.9475,
63,Bald Eagle Mt,BE,ERUM,majus,BE_09,G8,1,no,16.575,12.0525,
64,Bald Eagle Mt,BE,ERUM,majus,BE_10,H8,1,no,19.435,14.9125,
65,Stone Cabin Valley,SC,ERUM,vernum,SC_01,A9,1,no,12.19,7.6675,
66,Stone Cabin Valley,SC,ERUM,vernum,SC_02,B9,1,no,8.12,3.5975,
67,Stone Cabin Valley,SC,ERUM,vernum,SC_03,C9,1,yes,10.21,5.6875,
68,Stone Cabin Valley,SC,ERUM,vernum,SC_04,D9,1,no,10.12,5.5975,
69,Stone Cabin Valley,SC,ERUM,vernum,SC_05,E9,1,no,11.53,7.0075,
70,Stone Cabin Valley,SC,ERUM,vernum,SC_06,F9,1,no,14.165,9.6425,
71,Stone Cabin Valley,SC,ERUM,vernum,SC_07,G9,1,no,8.955,4.4325,
72,Stone Cabin Valley,SC,ERUM,vernum,SC_08,H9,1,no,11.94,7.4175,
73,Stone Cabin Valley,SC,ERUM,vernum,SC_09,A10,1,no,17.96,13.4375,
74,Stone Cabin Valley,SC,ERUM,vernum,SC_10,B10,1,no,7.965,3.4425,
75,Hamilton Ranch,HR,ERUM,unk,HR_01,C10,1,no,13.275,8.7525,
76,Hamilton Ranch,HR,ERUM,unk,HR_02,D10,1,no,11.465,6.9425,
77,Hamilton Ranch,HR,ERUM,unk,HR_03,E10,1,no,16.12,11.5975,
78,Hamilton Ranch,HR,ERUM,unk,HR_04,F10,1,no,24.155,19.6325,
79,Hamilton Ranch,HR,ERUM,unk,HR_05,G10,1,no,23.59,19.0675,
80,Hamilton Ranch,HR,ERUM,unk,HR_06,H10,1,no,18.345,13.8225,
81,Hamilton Ranch,HR,ERUM,unk,HR_07,A11,1,no,8.565,4.0425,
82,Hamilton Ranch,HR,ERUM,unk,HR_08,B11,1,no,14.245,9.7225,
83,Hamilton Ranch,HR,ERUM,unk,HR_09,C11,1,no,14.385,9.8625,
84,Hamilton Ranch,HR,ERUM,unk,HR_10,D11,1,no,21.17,16.6475,
85,Hamilton Ranch,HR,ERUM,unk,HR_11,E11,1,no,20.21,15.6875,
86,Hamilton Ranch,HR,ERUM,unk,HR_12,F11,1,no,19.74,15.2175,
87,Hamilton Ranch,HR,ERUM,unk,HR_13,G11,1,no,11.04,6.5175,
88,Hamilton Ranch,HR,ERUM,unk,HR_14,H11,1,no,10.14,5.6175,
89,Hamilton Ranch,HR,ERUM,unk,HR_15,A12,1,no,9.59,5.0675,
90,Hamilton Ranch,HR,ERUM,unk,HR_16,B12,1,no,8.425,3.9025,
91,Joseph,JS,ERUM,unk,JS_08,C12,1,yes,26.6,22.0775,
92,Tennessee Mt,TM,Eriogonum strictum,na,TM_01,D12,1,yes,10.205,5.6825,
93,Angel Creek,AC,ERUM,dichrocephalum,AC_01,E12,1,yes,13.43,8.9075,
94,Stone Cabin Valley,SC,ERUM,vernum,SC_03,F12,1,yes,9.485,4.9625,
95,empty,na,na,na,na,G12,1,na,4.315,-0.2075,
96,empty,na,na,na,na,H12,1,na,4.73,0.2075,
97,Joseph Overlook,JO,ERUM,na,JO_01,A1,2,no,22.275,13.635,
98,Joseph Overlook,JO,ERUM,na,JO_02,B1,2,no,13.505,4.865,
99,Joseph Overlook,JO,ERUM,na,JO_03,C1,2,no,29.345,20.705,
100,Joseph Overlook,JO,ERUM,na,JO_04,D1,2,no,13.865,5.225,
101,Joseph Overlook,JO,ERUM,na,JO_05,E1,2,no,13.61,4.97,
102,Joseph Overlook,JO,ERUM,na,JO_06,F1,2,no,15.15,6.51,
103,Joseph Overlook,JO,ERUM,na,JO_07,G1,2,no,17.07,8.43,
104,Joseph Overlook,JO,ERUM,na,JO_08,H1,2,no,14.975,6.335,
105,Joseph Overlook,JO,ERUM,na,JO_09,A2,2,no,14.16,5.52,
106,Joseph Overlook,JO,ERUM,na,JO_10,B2,2,no,11.165,2.525,
107,Joseph Overlook,JO,ERUM,na,JO_11,C2,2,no,13.18,4.54,
108,Tiger Creek,TC,ERUM,na,TC_01,D2,2,no,23.605,14.965,outlier noted on envelope
109,Tiger Creek,TC,ERUM,na,TC_02,E2,2,no,12.355,3.715,outlier noted on envelope
110,Tiger Creek,TC,ERUM,na,TC_03,F2,2,no,11.01,2.37,
111,Tiger Creek,TC,ERUM,na,TC_04,G2,2,no,10.895,2.255,
112,Tiger Creek,TC,ERUM,na,TC_05,H2,2,no,17.19,8.55,
113,Tiger Creek,TC,ERUM,na,TC_06,A3,2,no,11.32,2.68,
114,Tiger Creek,TC,ERUM,na,TC_07,B3,2,no,15.55,6.91,
115,Tiger Creek,TC,ERUM,na,TC_08,C3,2,no,11.395,2.755,
116,Tiger Creek,TC,ERUM,na,TC_09,D3,2,no,12.845,4.205,
117,Tiger Creek,TC,ERUM,na,TC_10,E3,2,no,23.845,15.205,
118,Tiger Creek,TC,ERUM,na,TC_11,F3,2,no,11.75,3.11,
119,Tiger Creek,TC,ERUM,na,TC_12,G3,2,no,14,5.36,
120,Ukiah,UK,ERUM,na,UK_01,H3,2,no,17.665,9.025,possibly ERHE2
121,Ukiah,UK,ERUM,na,UK_02,A4,2,no,15.09,6.45,
122,Ukiah,UK,ERUM,na,UK_03,B4,2,no,11.045,2.405,
123,Ukiah,UK,ERUM,na,UK_04,C4,2,no,13.13,4.49,
124,Ukiah,UK,ERUM,na,UK_05,D4,2,no,21.29,12.65,
125,Ukiah,UK,ERUM,na,UK_06,E4,2,no,20.39,11.75,
126,Ukiah,UK,ERUM,na,UK_07,F4,2,no,16.08,7.44,
127,Ukiah,UK,ERUM,na,UK_08,G4,2,no,12.545,3.905,
128,Ukiah,UK,ERUM,na,UK_09,H4,2,no,24.815,16.175,
129,Ukiah,UK,ERUM,na,UK_10,A5,2,no,25.66,17.02,
130,Ukiah,UK,ERUM,na,UK_11,B5,2,no,21.565,12.925,
131,Ukiah,UK,ERUM,na,UK_12,C5,2,no,20.735,12.095,
132,Dutch John Creek half mi south,DJ,ERUM,na,DJ_01,D5,2,no,14,5.36,
133,Dutch John Creek half mi south,DJ,ERUM,na,DJ_02,E5,2,no,13.355,4.715,
134,Dutch John Creek half mi south,DJ,ERUM,na,DJ_03,F5,2,no,13.065,4.425,
135,Dutch John Creek half mi south,DJ,ERUM,na,DJ_04,G5,2,no,12.62,3.98,
136,Dutch John Creek half mi south,DJ,ERUM,na,DJ_05,H5,2,no,11.49,2.85,
137,Dutch John Creek half mi south,DJ,ERUM,na,DJ_06,A6,2,no,11.915,3.275,
138,Dutch John Creek half mi south,DJ,ERUM,na,DJ_07,B6,2,no,10.76,2.12,
139,Dutch John Creek half mi south,DJ,ERUM,na,DJ_08,C6,2,no,10.915,2.275,
140,Dutch John Creek half mi south,DJ,ERUM,na,DJ_09,D6,2,no,12.64,4,
141,Dutch John Creek half mi south,DJ,ERUM,na,DJ_10,E6,2,no,12.18,3.54,
142,Dutch John Creek half mi south,DJ,ERUM,na,DJ_11,F6,2,no,14.475,5.835,
143,Dutch John Creek half mi south,DJ,ERUM,na,DJ_12,G6,2,no,11.14,2.5,
144,Big Bend Campground,BB,ERUM,stragulum,BB_01,H6,2,no,11.75,3.11,
145,Big Bend Campground,BB,ERUM,stragulum,BB_02,A7,2,no,11.04,2.4,
146,Big Bend Campground,BB,ERUM,stragulum,BB_03,B7,2,no,18.22,9.58,
147,Big Bend Campground,BB,ERUM,stragulum,BB_04,C7,2,no,9.2,0.56,
148,Big Bend Campground,BB,ERUM,stragulum,BB_05,D7,2,no,10.905,2.265,
149,Big Bend Campground,BB,ERUM,stragulum,BB_06,E7,2,no,11.425,2.785,
150,Big Bend Campground,BB,ERUM,stragulum,BB_07,F7,2,no,10.735,2.095,
151,Big Bend Campground,BB,ERUM,stragulum,BB_08,G7,2,no,30.365,21.725,
152,Big Bend Campground,BB,ERUM,stragulum,BB_09,H7,2,no,12.625,3.985,
153,Big Bend Campground,BB,ERUM,stragulum,BB_10,A8,2,no,9.765,1.125,
154,Blacks Creek Summit,BC,ERUM,ellipticum,BC_01,B8,2,no,11.26,2.62,
155,Blacks Creek Summit,BC,ERUM,ellipticum,BC_02,C8,2,no,11.645,3.005,
156,Blacks Creek Summit,BC,ERUM,ellipticum,BC_03,D8,2,no,9.735,1.095,
157,Blacks Creek Summit,BC,ERUM,ellipticum,BC_04,E8,2,no,14.85,6.21,
158,Blacks Creek Summit,BC,ERUM,ellipticum,BC_05,F8,2,no,45.88,37.24,
159,Blacks Creek Summit,BC,ERUM,ellipticum,BC_06,G8,2,no,14.225,5.585,
160,Blacks Creek Summit,BC,ERUM,ellipticum,BC_07,H8,2,no,12.465,3.825,
161,Blacks Creek Summit,BC,ERUM,ellipticum,BC_08,A9,2,no,9.51,0.87,
162,Blacks Creek Summit,BC,ERUM,ellipticum,BC_09,B9,2,no,12.6,3.96,
163,Blacks Creek Summit,BC,ERUM,ellipticum,BC_10,C9,2,no,13.025,4.385,
164,Elko Hills,EH,ERUM,dichrocephalum,EH_01,D9,2,no,9.655,1.015,
165,Elko Hills,EH,ERUM,dichrocephalum,EH_02,E9,2,no,9.56,0.92,
166,Elko Hills,EH,ERUM,dichrocephalum,EH_03,F9,2,no,13.045,4.405,
167,Elko Hills,EH,ERUM,dichrocephalum,EH_04,G9,2,no,18.35,9.71,
168,Elko Hills,EH,ERUM,dichrocephalum,EH_05,H9,2,no,16.96,8.32,
169,Elko Hills,EH,ERUM,dichrocephalum,EH_06,A10,2,no,9.095,0.455,
170,Elko Hills,EH,ERUM,dichrocephalum,EH_07,B10,2,no,21.13,12.49,
171,Elko Hills,EH,ERUM,dichrocephalum,EH_08,C10,2,no,14.025,5.385,
172,Elko Hills,EH,ERUM,dichrocephalum,EH_09,D10,2,no,11.35,2.71,
173,Elko Hills,EH,ERUM,dichrocephalum,EH_10,E10,2,no,14.105,5.465,
174,Greys Peak,GP,ERUM,porteri,GP_01,F10,2,no,10.84,2.2,
175,Greys Peak,GP,ERUM,porteri,GP_02,G10,2,no,15.225,6.585,
176,Greys Peak,GP,ERUM,porteri,GP_03,H10,2,no,13.155,4.515,
177,Greys Peak,GP,ERUM,porteri,GP_04,A11,2,no,13.045,4.405,
178,Greys Peak,GP,ERUM,porteri,GP_05,B11,2,no,13.48,4.84,
179,Greys Peak,GP,ERUM,porteri,GP_06,C11,2,no,15.085,6.445,
180,Greys Peak,GP,ERUM,porteri,GP_07,D11,2,no,15.385,6.745,
181,Greys Peak,GP,ERUM,porteri,GP_08,E11,2,no,13.37,4.73,
182,Greys Peak,GP,ERUM,porteri,GP_09,F11,2,no,9.8,1.16,
183,Greys Peak,GP,ERUM,porteri,GP_10,G11,2,no,39.055,30.415,
184,Dorsey Creek,DC,ERUM,aureum,DC_01,H11,2,no,12.29,3.65,
185,Dorsey Creek,DC,ERUM,aureum,DC_02,A12,2,no,19.17,10.53,
186,Dorsey Creek,DC,ERUM,aureum,DC_03,B12,2,no,14.77,6.13,
187,Dorsey Creek,DC,ERUM,aureum,DC_04,C12,2,no,14.145,5.505,
188,Dorsey Creek,DC,ERUM,aureum,DC_05,D12,2,no,14.445,5.805,
189,Dorsey Creek,DC,ERUM,aureum,DC_06,E12,2,no,13.05,4.41,
190,Dorsey Creek,DC,ERUM,aureum,DC_07,F12,2,no,14.41,5.77,
191,empty,na,na,na,empty,G12,2,na,8.55,-0.09,
192,empty,na,na,na,empty,H12,2,na,8.73,0.09,
193,McAfee Peak,MP,ERUM,na,MP_01,A1,3,no,16.06,8.4625,
194,McAfee Peak,MP,ERUM,na,MP_02,B1,3,no,11.9,4.3025,
195,McAfee Peak,MP,ERUM,na,MP_03,C1,3,no,18.575,10.9775,
196,McAfee Peak,MP,ERUM,na,MP_04,D1,3,no,12.145,4.5475,
197,McAfee Peak,MP,ERUM,na,MP_05,E1,3,no,13.645,6.0475,
198,McAfee Peak,MP,ERUM,na,MP_06,F1,3,no,13.59,5.9925,
199,McAfee Peak,MP,ERUM,na,MP_07,G1,3,no,11.255,3.6575,
200,McAfee Peak,MP,ERUM,na,MP_08,H1,3,no,13.38,5.7825,
201,McAfee Peak,MP,ERUM,na,MP_09,A2,3,no,11.545,3.9475,
202,McAfee Peak,MP,ERUM,na,MP_10,B2,3,no,11.565,3.9675,
203,McAfee Peak,MP,ERUM,na,MP_11,C2,3,no,13.485,5.8875,
204,McAfee Peak,MP,ERUM,na,MP_12,D2,3,no,14.295,6.6975,
205,Buckskin Loop,BL,ERUM,aureum,BL_01,E2,3,no,15.27,7.6725,
206,Buckskin Loop,BL,ERUM,aureum,BL_02,F2,3,no,9.855,2.2575,
207,Buckskin Loop,BL,ERUM,aureum,BL_03,G2,3,no,10.435,2.8375,
208,Buckskin Loop,BL,ERUM,aureum,BL_04,H2,3,no,10.16,2.5625,
209,Buckskin Loop,BL,ERUM,aureum,BL_05,A3,3,no,14.33,6.7325,
210,Buckskin Loop,BL,ERUM,aureum,BL_06,B3,3,no,12.745,5.1475,
211,Buckskin Loop,BL,ERUM,aureum,BL_07,C3,3,no,13.515,5.9175,
212,Buckskin Loop,BL,ERUM,aureum,BL_08,D3,3,no,14.28,6.6825,
213,Buckskin Loop,BL,ERUM,aureum,BL_09,E3,3,no,12.74,5.1425,
214,Buckskin Loop,BL,ERUM,aureum,BL_10,F3,3,no,12.08,4.4825,
215,Buckskin Loop,BL,ERUM,aureum,BL_11,G3,3,no,12.155,4.5575,
216,Buckskin Loop,BL,ERUM,aureum,BL_12,H3,3,no,12.05,4.4525,
217,Camas Prairie,CP,ERUM,umbellatum,CP_01,A4,3,no,15.58,7.9825,
218,Camas Prairie,CP,ERUM,umbellatum,CP_02,B4,3,no,11.775,4.1775,
219,Camas Prairie,CP,ERUM,umbellatum,CP_03,C4,3,no,10.725,3.1275,
220,Camas Prairie,CP,ERUM,umbellatum,CP_04,D4,3,no,14.065,6.4675,
221,Camas Prairie,CP,ERUM,umbellatum,CP_05,E4,3,no,16.715,9.1175,
222,Camas Prairie,CP,ERUM,umbellatum,CP_06,F4,3,no,13.15,5.5525,
223,Camas Prairie,CP,ERUM,umbellatum,CP_07,G4,3,no,9.64,2.0425,
224,Camas Prairie,CP,ERUM,umbellatum,CP_08,H4,3,no,10.185,2.5875,
225,Camas Prairie,CP,ERUM,umbellatum,CP_09,A5,3,no,11.4,3.8025,
226,Camas Prairie,CP,ERUM,umbellatum,CP_10,B5,3,no,13.135,5.5375,
227,Little Camas Res,CR,ERUM,na,CR_01,C5,3,no,11.84,4.2425,
228,Little Camas Res,CR,ERUM,na,CR_02,D5,3,no,14.855,7.2575,
229,Little Camas Res,CR,ERUM,na,CR_03,E5,3,no,14.855,7.2575,
230,Little Camas Res,CR,ERUM,na,CR_04,F5,3,no,13.35,5.7525,
231,Little Camas Res,CR,ERUM,na,CR_05,G5,3,no,12.845,5.2475,
232,Little Camas Res,CR,ERUM,na,CR_06,H5,3,no,14.78,7.1825,
233,Little Camas Res,CR,ERUM,na,CR_07,A6,3,no,13.405,5.8075,
234,Little Camas Res,CR,ERUM,na,CR_08,B6,3,no,12.435,4.8375,
235,Little Camas Res,CR,ERUM,na,CR_09,C6,3,no,14.86,7.2625,
236,Little Camas Res,CR,ERUM,na,CR_10,D6,3,no,17.05,9.4525,
237,Camas Creek Macon Flat,CC,ERUM,majus,CC_01,E6,3,no,12.555,4.9575,
238,Camas Creek Macon Flat,CC,ERUM,majus,CC_02,F6,3,no,19.825,12.2275,
239,Camas Creek Macon Flat,CC,ERUM,majus,CC_03,G6,3,no,15.205,7.6075,
240,Camas Creek Macon Flat,CC,ERUM,majus,CC_04,H6,3,no,14.555,6.9575,
241,Camas Creek Macon Flat,CC,ERUM,majus,CC_05,A7,3,no,11.81,4.2125,
242,Camas Creek Macon Flat,CC,ERUM,majus,CC_06,B7,3,no,12.92,5.3225,
243,Camas Creek Macon Flat,CC,ERUM,majus,CC_07,C7,3,no,14.385,6.7875,
244,Camas Creek Macon Flat,CC,ERUM,majus,CC_08,D7,3,no,11.645,4.0475,
245,Camas Creek Macon Flat,CC,ERUM,majus,CC_09,E7,3,no,13.58,5.9825,
246,Camas Creek Macon Flat,CC,ERUM,majus,CC_10,F7,3,no,10.735,3.1375,
247,Magic Reservoir,MR,ERUM,stragulum,MR_01,G7,3,no,14.87,7.2725,
248,Magic Reservoir,MR,ERUM,stragulum,MR_02,H7,3,no,15.205,7.6075,
249,Magic Reservoir,MR,ERUM,stragulum,MR_03,A8,3,no,10.77,3.1725,
250,Magic Reservoir,MR,ERUM,stragulum,MR_04,B8,3,no,13.535,5.9375,
251,Magic Reservoir,MR,ERUM,stragulum,MR_05,C8,3,no,15.105,7.5075,
252,Magic Reservoir,MR,ERUM,stragulum,MR_06,D8,3,no,13.09,5.4925,
253,Magic Reservoir,MR,ERUM,stragulum,MR_07,E8,3,no,13.16,5.5625,
254,Magic Reservoir,MR,ERUM,stragulum,MR_08,F8,3,no,11.125,3.5275,
255,Magic Reservoir,MR,ERUM,stragulum,MR_09,G8,3,no,18.36,10.7625,
256,Magic Reservoir,MR,ERUM,stragulum,MR_10,H8,3,no,10.23,2.6325,
257,Wells Summit,WS,ERUM,majus,WS_01,A9,3,no,9.115,1.5175,
258,Wells Summit,WS,ERUM,majus,WS_02,B9,3,no,12.36,4.7625,
259,Wells Summit,WS,ERUM,majus,WS_03,C9,3,no,13.135,5.5375,
260,Wells Summit,WS,ERUM,majus,WS_04,D9,3,no,15.06,7.4625,
261,Wells Summit,WS,ERUM,majus,WS_05,E9,3,no,9.92,2.3225,
262,Wells Summit,WS,ERUM,majus,WS_06,F9,3,no,13.995,6.3975,
263,Wells Summit,WS,ERUM,majus,WS_07,G9,3,no,13.935,6.3375,
264,Wells Summit,WS,ERUM,majus,WS_08,H9,3,no,10.1,2.5025,
265,Wells Summit,WS,ERUM,majus,WS_09,A10,3,no,9.375,1.7775,
266,Wells Summit,WS,ERUM,majus,WS_10,B10,3,no,12.13,4.5325,
267,Adams Gulch,AG,ERUM,na,AG_01,C10,3,no,20.295,12.6975,
268,Adams Gulch,AG,ERUM,na,AG_02,D10,3,no,24.585,16.9875,
269,Adams Gulch,AG,ERUM,na,AG_03,E10,3,no,13.155,5.5575,
270,Adams Gulch,AG,ERUM,na,AG_04,F10,3,no,10.625,3.0275,
271,Adams Gulch,AG,ERUM,na,AG_05,G10,3,no,10.85,3.2525,
272,Adams Gulch,AG,ERUM,na,AG_06,H10,3,no,12.04,4.4425,
273,Adams Gulch,AG,ERUM,na,AG_07,A11,3,no,21.095,13.4975,
274,Adams Gulch,AG,ERUM,na,AG_08,B11,3,no,17.485,9.8875,
275,Adams Gulch,AG,ERUM,na,AG_09,C11,3,no,18.05,10.4525,
276,Adams Gulch,AG,ERUM,na,AG_10,D11,3,no,18.63,11.0325,
277,Lower Penstemon CG Magic Mountain,LP,ERUM,na,LP_01,E11,3,no,12.415,4.8175,
278,Lower Penstemon CG Magic Mountain,LP,ERUM,na,LP_02,F11,3,no,12.58,4.9825,
279,Lower Penstemon CG Magic Mountain,LP,ERUM,na,LP_03,G11,3,no,20.835,13.2375,
280,Lower Penstemon CG Magic Mountain,LP,ERUM,na,LP_04,H11,3,no,17.3,9.7025,
281,Lower Penstemon CG Magic Mountain,LP,ERUM,na,LP_05,A12,3,no,16,8.4025,
282,Lower Penstemon CG Magic Mountain,LP,ERUM,na,LP_06,B12,3,no,70.42,62.8225,
283,Lower Penstemon CG Magic Mountain,LP,ERUM,na,LP_07,C12,3,no,24.55,16.9525,
284,Lower Penstemon CG Magic Mountain,LP,ERUM,na,LP_08,D12,3,no,21.425,13.8275,
285,Lower Penstemon CG Magic Mountain,LP,ERUM,na,LP_09,E12,3,no,17.705,10.1075,
286,Lower Penstemon CG Magic Mountain,LP,ERUM,na,LP_10,F12,3,no,13.365,5.7675,
287,empty,na,na,na,empty,G12,3,na,8.26,0.6625,
288,empty,na,na,na,empty,H12,3,na,6.935,-0.6625,
289,Mt Harrison,MH,ERUM,dichrocephalum,MH_01,A1,4,no,12.92,4.6175,
290,Mt Harrison,MH,ERUM,dichrocephalum,MH_02,B1,4,no,11.9,3.5975,
291,Mt Harrison,MH,ERUM,dichrocephalum,MH_03,C1,4,no,14.33,6.0275,
292,Mt Harrison,MH,ERUM,dichrocephalum,MH_04,D1,4,no,11.91,3.6075,
293,Mt Harrison,MH,ERUM,dichrocephalum,MH_05,E1,4,no,13.415,5.1125,
294,Mt Harrison,MH,ERUM,dichrocephalum,MH_06,F1,4,no,12.635,4.3325,
295,Mt Harrison,MH,ERUM,dichrocephalum,MH_07,G1,4,no,12.15,3.8475,
296,Mt Harrison,MH,ERUM,dichrocephalum,MH_08,H1,4,no,11.035,2.7325,
297,Mt Harrison,MH,ERUM,dichrocephalum,MH_09,A2,4,no,10.985,2.6825,
298,Mt Harrison,MH,ERUM,dichrocephalum,MH_10,B2,4,no,11.135,2.8325,
299,Bend,BD,ERUM,modocense,BD_01,C2,4,no,14.955,6.6525,
300,Bend,BD,ERUM,modocense,BD_02,D2,4,no,13.23,4.9275,
301,Bend,BD,ERUM,modocense,BD_03,E2,4,no,14.02,5.7175,
302,Bend,BD,ERUM,modocense,BD_04,F2,4,no,12.84,4.5375,
303,Bend,BD,ERUM,modocense,BD_05,G2,4,no,13.21,4.9075,
304,Bend,BD,ERUM,modocense,BD_06,H2,4,no,12.675,4.3725,
305,Bend,BD,ERUM,modocense,BD_07,A3,4,no,11.685,3.3825,
306,Bend,BD,ERUM,modocense,BD_08,B3,4,no,11.525,3.2225,
307,Bend,BD,ERUM,modocense,BD_09,C3,4,no,10.8,2.4975,
308,Bend,BD,ERUM,modocense,BD_10,D3,4,no,10.68,2.3775,
309,Mt Bachelor Cinder Cone,MB,ERUM,na,MB_01,E3,4,no,14.18,5.8775,
310,Mt Bachelor Cinder Cone,MB,ERUM,na,MB_02,F3,4,no,11.08,2.7775,
311,Mt Bachelor Cinder Cone,MB,ERUM,na,MB_03,G3,4,no,13.905,5.6025,
312,Mt Bachelor Cinder Cone,MB,ERUM,na,MB_04,H3,4,no,10.985,2.6825,
313,Mt Bachelor Cinder Cone,MB,ERUM,na,MB_05,A4,4,no,13.905,5.6025,
314,Mt Bachelor Cinder Cone,MB,ERUM,na,MB_06,B4,4,no,10.705,2.4025,
315,Mt Bachelor Cinder Cone,MB,ERUM,na,MB_07,C4,4,no,19.805,11.5025,
316,Mt Bachelor Cinder Cone,MB,ERUM,na,MB_08,D4,4,no,12.29,3.9875,
317,Mt Bachelor Cinder Cone,MB,ERUM,na,MB_09,E4,4,no,19.16,10.8575,
318,Mt Bachelor Cinder Cone,MB,ERUM,na,MB_10,F4,4,no,13.36,5.0575,
319,Julietta,JU,ERUM,na,JU_01,G4,4,no,24.905,16.6025,
320,Julietta,JU,ERUM,na,JU_02,H4,4,no,16.985,8.6825,
321,Julietta,JU,ERUM,na,JU_03,A5,4,no,18.86,10.5575,
322,Julietta,JU,ERUM,na,JU_04,B5,4,no,16.79,8.4875,
323,Julietta,JU,ERUM,na,JU_05,C5,4,no,15.57,7.2675,
324,Julietta,JU,ERUM,na,JU_06,D5,4,no,15.85,7.5475,
325,Julietta,JU,ERUM,na,JU_07,E5,4,no,18.85,10.5475,
326,Julietta,JU,ERUM,na,JU_08,F5,4,no,22.24,13.9375,
327,Julietta,JU,ERUM,na,JU_09,G5,4,no,22.87,14.5675,
328,Julietta,JU,ERUM,na,JU_10,H5,4,no,22.02,13.7175,
329,Julietta,JU,ERUM,na,JU_11,A6,4,yes,18,9.6975,
330,Julietta,JU,ERUM,na,JU_11,B6,4,yes,27.885,19.5825,
331,Stoddard,ST,ERUM,na,ST_01,C6,4,no,9.71,1.4075,voucher
332,Stoddard,ST,ERUM,na,ST_02,D6,4,no,16.215,7.9125,
333,Stoddard,ST,ERUM,na,ST_03,E6,4,no,13.695,5.3925,
334,Stoddard,ST,ERUM,na,ST_04,F6,4,no,14.34,6.0375,
335,Stoddard,ST,ERUM,na,ST_05,G6,4,no,17.035,8.7325,
336,Stoddard,ST,ERUM,na,ST_06,H6,4,no,11.64,3.3375,
337,Stoddard,ST,ERUM,na,ST_07,A7,4,no,14.49,6.1875,
338,Stoddard,ST,ERUM,na,ST_08,B7,4,no,13.63,5.3275,
339,Stoddard,ST,ERUM,na,ST_09,C7,4,no,12.595,4.2925,
340,Stoddard,ST,ERUM,na,ST_10,D7,4,no,12.015,3.7125,
341,Stoddard,ST,ERUM,na,ST_11,E7,4,no,13.97,5.6675,
342,Stoddard,ST,ERUM,na,ST_12,F7,4,no,14.605,6.3025,
343,Stoddard,ST,ERUM,na,ST_13,G7,4,no,16.375,8.0725,
344,Stoddard,ST,ERUM,na,ST_14,H7,4,no,14.09,5.7875,
345,Stoddard,ST,ERUM,na,ST_15,A8,4,no,18.61,10.3075,
346,Stoddard,ST,ERUM,na,ST_16,B8,4,no,9.945,1.6425,
347,Whitehall,WH,ERUM,na,WH_01,C8,4,no,10.63,2.3275,voucher
348,Whitehall,WH,ERUM,na,WH_02,D8,4,no,10.85,2.5475,
349,Whitehall,WH,ERUM,na,WH_03,E8,4,no,11.685,3.3825,
350,Whitehall,WH,ERUM,na,WH_04,F8,4,no,14.625,6.3225,
351,Whitehall,WH,ERUM,na,WH_05,G8,4,no,16.585,8.2825,
352,Whitehall,WH,ERUM,na,WH_06,H8,4,no,11.465,3.1625,
353,Whitehall,WH,ERUM,na,WH_07,A9,4,no,13.13,4.8275,
354,Whitehall,WH,ERUM,na,WH_08,B9,4,no,13.165,4.8625,
355,Whitehall,WH,ERUM,na,WH_09,C9,4,no,11.495,3.1925,
356,Whitehall,WH,ERUM,na,WH_10,D9,4,no,12.82,4.5175,
357,Whitehall,WH,ERUM,na,WH_11,E9,4,no,11.335,3.0325,
358,Whitehall,WH,ERUM,na,WH_12,F9,4,no,14.155,5.8525,
359,Whitehall,WH,ERUM,na,WH_13,G9,4,no,12.25,3.9475,
360,Whitehall,WH,ERUM,na,WH_14,H9,4,yes,10.155,1.8525,
361,Whitehall,WH,ERUM,na,WH_14,A10,4,yes,12.735,4.4325,
362,Rainier Mesa,RM,ERUM,subaridum,RM_01,B10,4,no,11.515,3.2125,
363,Rainier Mesa,RM,ERUM,subaridum,RM_02,C10,4,no,12.26,3.9575,
364,Rainier Mesa,RM,ERUM,subaridum,RM_03,D10,4,no,11.87,3.5675,
365,Rainier Mesa,RM,ERUM,subaridum,RM_04,E10,4,no,12.835,4.5325,
366,Rainier Mesa,RM,ERUM,subaridum,RM_05,F10,4,no,11.37,3.0675,
367,Rainier Mesa,RM,ERUM,subaridum,RM_06,G10,4,no,13.795,5.4925,
368,Rainier Mesa,RM,ERUM,subaridum,RM_07,H10,4,no,11.91,3.6075,
369,Rainier Mesa,RM,ERUM,subaridum,RM_08,A11,4,no,14.915,6.6125,
370,Rainier Mesa,RM,ERUM,subaridum,RM_09,B11,4,no,15.215,6.9125,
371,Wooten,WO,Eriogonum sp.,na,WO_01,C11,4,no,22.135,13.8325,
372,Wooten,WO,Eriogonum sp.,na,WO_02,D11,4,no,12.18,3.8775,
373,Wooten,WO,Eriogonum sp.,na,WO_03,E11,4,no,10.095,1.7925,
374,Wooten,WO,Eriogonum sp.,na,WO_04,F11,4,no,11.225,2.9225,
375,Wooten,WO,Eriogonum sp.,na,WO_05,G11,4,no,13.275,4.9725,
376,Wooten,WO,Eriogonum sp.,na,WO_06,H11,4,no,9.155,0.8525,
377,Wooten,WO,Eriogonum sp.,na,WO_07,A12,4,no,10.035,1.7325,
378,Wooten,WO,Eriogonum sp.,na,WO_08,B12,4,no,14.78,6.4775,
379,Wooten,WO,Eriogonum sp.,na,WO_09,C12,4,no,13.48,5.1775,
380,Wooten,WO,Eriogonum sp.,na,WO_10,D12,4,no,11.13,2.8275,
381,Wooten,WO,Eriogonum sp.,na,WO_11,E12,4,no,9.44,1.1375,
382,Wooten,WO,Eriogonum sp.,na,WO_12,F12,4,no,14.395,6.0925,
383,empty,na,na,na,empty,G12,4,na,8.95,0.6475,
384,empty,na,na,na,empty,H12,4,na,7.655,-0.6475,
385,Tippipah Spring,TS,ERUM,vernum,TS_01,A1,5,no,10.555,2.7975,
386,Tippipah Spring,TS,ERUM,vernum,TS_02,B1,5,no,10.385,2.6275,
387,Tippipah Spring,TS,ERUM,vernum,TS_03,C1,5,no,10.255,2.4975,
388,Tippipah Spring,TS,ERUM,vernum,TS_04,D1,5,no,20.39,12.6325,
389,Tippipah Spring,TS,ERUM,vernum,TS_05,E1,5,no,13.385,5.6275,
390,Tippipah Spring,TS,ERUM,vernum,TS_06,F1,5,no,10.24,2.4825,
391,Tippipah Spring,TS,ERUM,vernum,TS_07,G1,5,no,14.99,7.2325,
392,Tippipah Spring,TS,ERUM,vernum,TS_08,H1,5,no,7.66,-0.0975,
393,Tippipah Spring,TS,ERUM,vernum,TS_09,A2,5,no,11.5,3.7425,
394,Tippipah Spring,TS,ERUM,vernum,TS_10,B2,5,no,11.515,3.7575,
395,Tippipah Point,TP,ERUM,vernum,TP_01,C2,5,no,27.955,20.1975,
396,Tippipah Point,TP,ERUM,vernum,TP_02,D2,5,no,23.62,15.8625,
397,Tippipah Point,TP,ERUM,vernum,TP_03,E2,5,no,12.585,4.8275,
398,Tippipah Point,TP,ERUM,vernum,TP_04,F2,5,no,10.105,2.3475,
399,Tippipah Point,TP,ERUM,vernum,TP_05,G2,5,no,9.81,2.0525,
400,Tippipah Point,TP,ERUM,vernum,TP_06,H2,5,no,8.92,1.1625,
401,Tippipah Point,TP,ERUM,vernum,TP_07,A3,5,no,8.21,0.4525,
402,Tippipah Point,TP,ERUM,vernum,TP_08,B3,5,no,12.125,4.3675,
403,Tippipah Point,TP,ERUM,vernum,TP_09,C3,5,no,18.375,10.6175,
404,Tippipah Point,TP,ERUM,vernum,TP_10,D3,5,no,10.49,2.7325,
405,Shoshone Mountain,SM,ERUM,na,SM_01,E3,5,no,11.04,3.2825,discolored
406,Shoshone Mountain,SM,ERUM,na,SM_02,F3,5,no,10.515,2.7575,
407,Shoshone Mountain,SM,ERUM,na,SM_03,G3,5,no,11.06,3.3025,
408,Shoshone Mountain,SM,ERUM,na,SM_04,H3,5,no,9.555,1.7975,
409,Shoshone Mountain,SM,ERUM,na,SM_05,A4,5,no,11.255,3.4975,
410,Shoshone Mountain,SM,ERUM,na,SM_06,B4,5,no,9.87,2.1125,
411,Shoshone Mountain,SM,ERUM,na,SM_07,C4,5,no,8.98,1.2225,
412,Shoshone Mountain,SM,ERUM,na,SM_08,D4,5,no,9.81,2.0525,discolored
413,Shoshone Mountain,SM,ERUM,na,SM_09,E4,5,no,10.075,2.3175,
414,Shoshone Mountain,SM,ERUM,na,SM_10,F4,5,no,11.59,3.8325,
415,White Rock Spring,WR,ERUM,versicolor,WR_01,G4,5,no,13.68,5.9225,
416,White Rock Spring,WR,ERUM,versicolor,WR_02,H4,5,no,11.825,4.0675,
417,White Rock Spring,WR,ERUM,versicolor,WR_03,A5,5,no,12.065,4.3075,
418,White Rock Spring,WR,ERUM,versicolor,WR_04,B5,5,no,9.765,2.0075,
419,White Rock Spring,WR,ERUM,versicolor,WR_05,C5,5,no,16.86,9.1025,
420,White Rock Spring,WR,ERUM,versicolor,WR_06,D5,5,no,10.2,2.4425,
421,White Rock Spring,WR,ERUM,versicolor,WR_07,E5,5,no,11.225,3.4675,
422,White Rock Spring,WR,ERUM,versicolor,WR_08,F5,5,no,13.565,5.8075,
423,White Rock Spring,WR,ERUM,versicolor,WR_09,G5,5,no,14.035,6.2775,
424,White Rock Spring,WR,ERUM,versicolor,WR_10,H5,5,no,10.395,2.6375,
425,Hancock Summit,HS,ERUM,dichrocephalum,HS_01,A6,5,no,12.92,5.1625,
426,Hancock Summit,HS,ERUM,dichrocephalum,HS_02,B6,5,no,10.58,2.8225,
427,Hancock Summit,HS,ERUM,dichrocephalum,HS_03,C6,5,no,10.675,2.9175,
428,Hancock Summit,HS,ERUM,dichrocephalum,HS_04,D6,5,no,10.505,2.7475,
429,Hancock Summit,HS,ERUM,dichrocephalum,HS_05,E6,5,no,10.555,2.7975,
430,Hancock Summit,HS,ERUM,dichrocephalum,HS_06,F6,5,no,12.335,4.5775,
431,Hancock Summit,HS,ERUM,dichrocephalum,HS_07,G6,5,no,12.295,4.5375,
432,Hancock Summit,HS,ERUM,dichrocephalum,HS_08,H6,5,no,14.1,6.3425,
433,Hancock Summit,HS,ERUM,dichrocephalum,HS_09,A7,5,no,11.39,3.6325,
434,Hancock Summit,HS,ERUM,dichrocephalum,HS_10,B7,5,no,9.975,2.2175,
435,White River Highway 6,WV,ERUM,juniporinum,WV_01,C7,5,no,11.31,3.5525,
436,White River Highway 6,WV,ERUM,juniporinum,WV_02,D7,5,no,11.14,3.3825,
437,White River Highway 6,WV,ERUM,juniporinum,WV_03,E7,5,no,10.37,2.6125,
438,White River Highway 6,WV,ERUM,juniporinum,WV_04,F7,5,no,13.55,5.7925,
439,White River Highway 6,WV,ERUM,juniporinum,WV_05,G7,5,no,14,6.2425,
440,White River Highway 6,WV,ERUM,juniporinum,WV_06,H7,5,no,12.53,4.7725,
441,White River Highway 6,WV,ERUM,juniporinum,WV_07,A8,5,no,12.915,5.1575,
442,White River Highway 6,WV,ERUM,juniporinum,WV_08,B8,5,no,11.775,4.0175,
443,White River Highway 6,WV,ERUM,juniporinum,WV_09,C8,5,no,12.4,4.6425,
444,White River Highway 6,WV,ERUM,juniporinum,WV_10,D8,5,no,11.075,3.3175,
445,Scroggen,SG,ERHE2,na,SG_01,E8,5,no,12.81,5.0525,voucher
446,Scroggen,SG,ERHE2,na,SG_02,F8,5,no,10.96,3.2025,
447,Scroggen,SG,ERHE2,na,SG_03,G8,5,no,12.665,4.9075,
448,Scroggen,SG,ERHE2,na,SG_04,H8,5,no,11.39,3.6325,
449,Scroggen,SG,ERHE2,na,SG_05,A9,5,no,12.23,4.4725,
450,Scroggen,SG,ERHE2,na,SG_06,B9,5,no,11.59,3.8325,
451,Scroggen,SG,ERHE2,na,SG_07,C9,5,no,11.125,3.3675,
452,Scroggen,SG,ERHE2,na,SG_08,D9,5,no,9.905,2.1475,
453,Scroggen,SG,ERHE2,na,SG_09,E9,5,no,10.695,2.9375,
454,Scroggen,SG,ERHE2,na,SG_10,F9,5,no,10.53,2.7725,
455,Scroggen,SG,ERHE2,na,SG_11,G9,5,no,11.69,3.9325,
456,Scroggen,SG,ERHE2,na,SG_12,H9,5,no,9.875,2.1175,
457,Scroggen,SG,ERHE2,na,SG_13,A10,5,no,9.315,1.5575,
458,Scroggen,SG,ERHE2,na,SG_14,B10,5,no,10.94,3.1825,
459,Scroggen,SG,ERHE2,na,SG_15,C10,5,no,10.58,2.8225,
460,Sunflower flat,SF,ERUM,na,SF_01,D10,5,no,11.08,3.3225,voucher
461,Sunflower flat,SF,ERUM,na,SF_02,E10,5,no,10.695,2.9375,
462,Sunflower flat,SF,ERUM,na,SF_03,F10,5,no,13.31,5.5525,
463,Sunflower flat,SF,ERUM,na,SF_04,G10,5,no,11.305,3.5475,
464,Sunflower flat,SF,ERUM,na,SF_05,H10,5,no,8.5,0.7425,
465,Sunflower flat,SF,ERUM,na,SF_06,A11,5,no,10.81,3.0525,
466,Sunflower flat,SF,ERUM,na,SF_07,B11,5,no,17.9,10.1425,
467,Sunflower flat,SF,ERUM,na,SF_08,C11,5,no,15.255,7.4975,
468,Sunflower flat,SF,ERUM,na,SF_09,D11,5,no,16.115,8.3575,
469,Sunflower flat,SF,ERUM,na,SF_10,E11,5,no,9.035,1.2775,
470,Sunflower flat,SF,ERUM,na,SF_11,F11,5,no,11.125,3.3675,
471,Sunflower flat,SF,ERUM,na,SF_12,G11,5,no,10.865,3.1075,
472,Sunflower flat,SF,ERUM,na,SF_13,H11,5,no,10.865,3.1075,
473,Sunflower flat,SF,ERUM,na,SF_14,A12,5,no,9.525,1.7675,
474,Sunflower flat,SF,ERUM,na,SF_15,B12,5,no,13.255,5.4975,
475,Sunflower flat,SF,ERUM,na,SF_16,C12,5,no,22.925,15.1675,
476,Sunflower flat,SF,ERUM,na,SF_17,D12,5,no,17.29,9.5325,
477,Sunflower flat,SF,ERUM,na,SF_18,E12,5,no,16.85,9.0925,
478,Sunflower flat,SF,ERUM,na,SF_19,F12,5,no,18.235,10.4775,
479,empty,na,na,na,empty,G12,5,na,8.355,0.5975,
480,empty,na,na,na,empty,H12,5,na,7.16,-0.5975,
481,Sheep Mountain,SH,ERUM,na,SH_01,A1,6,no,18.925,8.28,
482,Sheep Mountain,SH,ERUM,na,SH_02,B1,6,no,11.335,0.69,
483,Sheep Mountain,SH,ERUM,na,SH_03,C1,6,no,17.55,6.905,
484,Sheep Mountain,SH,ERUM,na,SH_04,D1,6,no,18.955,8.31,
485,Sheep Mountain,SH,ERUM,na,SH_05,E1,6,no,17.245,6.6,
486,Sheep Mountain,SH,ERUM,na,SH_06,F1,6,no,11.365,0.72,
487,Sheep Mountain,SH,ERUM,na,SH_07,G1,6,no,19.805,9.16,
488,Sheep Mountain,SH,ERUM,na,SH_08,H1,6,no,18.73,8.085,
489,Sheep Mountain,SH,ERUM,na,SH_09,A2,6,no,14.455,3.81,
490,Sheep Mountain,SH,ERUM,na,SH_10,B2,6,no,15.085,4.44,
491,Truck Stuck in mud,TR,ERUM,na,TR_01,C2,6,no,13.445,2.8,
492,Truck Stuck in mud,TR,ERUM,na,TR_02,D2,6,no,16.585,5.94,
493,Truck Stuck in mud,TR,ERUM,na,TR_03,E2,6,no,15.84,5.195,
494,Truck Stuck in mud,TR,ERUM,na,TR_04,F2,6,no,11.45,0.805,
495,Truck Stuck in mud,TR,ERUM,na,TR_05,G2,6,no,12.375,1.73,
496,Truck Stuck in mud,TR,ERUM,na,TR_06,H2,6,no,13.115,2.47,
497,Truck Stuck in mud,TR,ERUM,na,TR_07,A3,6,no,13.15,2.505,
498,Truck Stuck in mud,TR,ERUM,na,TR_08,B3,6,no,11.32,0.675,
499,Truck Stuck in mud,TR,ERUM,na,TR_09,C3,6,no,12.64,1.995,
500,Truck Stuck in mud,TR,ERUM,na,TR_10,D3,6,no,14.575,3.93,
501,Bob Scott Campground,BS,ERUM,na,BS_01,E3,6,no,11.28,0.635,
502,Bob Scott Campground,BS,ERUM,na,BS_02,F3,6,no,13.115,2.47,
503,Bob Scott Campground,BS,ERUM,na,BS_03,G3,6,no,12.185,1.54,
504,Bob Scott Campground,BS,ERUM,na,BS_04,H3,6,no,11.485,0.84,
505,Bob Scott Campground,BS,ERUM,na,BS_05,A4,6,no,9.66,-0.985,
506,Bob Scott Campground,BS,ERUM,na,BS_06,B4,6,no,10.375,-0.27,
507,Bob Scott Campground,BS,ERUM,na,BS_07,C4,6,no,9.895,-0.75,
508,Bob Scott Campground,BS,ERUM,na,BS_08,D4,6,no,9.48,-1.165,
509,Bob Scott Campground,BS,ERUM,na,BS_09,E4,6,no,10.16,-0.485,
510,Bob Scott Campground,BS,ERUM,na,BS_10,F4,6,no,16.56,5.915,
511,Murry Summit,MS,ERUM,na,MS_01,G4,6,no,13.065,2.42,
512,Murry Summit,MS,ERUM,na,MS_02,H4,6,no,10.51,-0.135,
513,Murry Summit,MS,ERUM,na,MS_03,A5,6,no,10.42,-0.225,
514,Murry Summit,MS,ERUM,na,MS_04,B5,6,no,11.25,0.605,
515,Murry Summit,MS,ERUM,na,MS_05,C5,6,no,13.655,3.01,
516,Murry Summit,MS,ERUM,na,MS_06,D5,6,no,9.595,-1.05,
517,Murry Summit,MS,ERUM,na,MS_07,E5,6,no,11.42,0.775,
518,Murry Summit,MS,ERUM,na,MS_08,F5,6,no,10.345,-0.3,
519,Murry Summit,MS,ERUM,na,MS_09,G5,6,no,9.65,-0.995,
520,Murry Summit,MS,ERUM,na,MS_10,H5,6,no,10.425,-0.22,
521,"Hice Spring, Knoll Creek",HK,ERUM,na,HK_01,A6,6,no,10.43,-0.215,
522,"Hice Spring, Knoll Creek",HK,ERUM,na,HK_02,B6,6,no,12.305,1.66,
523,"Hice Spring, Knoll Creek",HK,ERUM,na,HK_03,C6,6,no,11.47,0.825,
524,"Hice Spring, Knoll Creek",HK,ERUM,na,HK_04,D6,6,no,11.435,0.79,
525,"Hice Spring, Knoll Creek",HK,ERUM,na,HK_05,E6,6,no,10.54,-0.105,
526,"Hice Spring, Knoll Creek",HK,ERUM,na,HK_06,F6,6,no,12.74,2.095,
527,"Hice Spring, Knoll Creek",HK,ERUM,na,HK_07,G6,6,no,9.845,-0.8,
528,"Hice Spring, Knoll Creek",HK,ERUM,na,HK_08,H6,6,no,12.425,1.78,
529,"Hice Spring, Knoll Creek",HK,ERUM,na,HK_09,A7,6,no,10.045,-0.6,
530,"Hice Spring, Knoll Creek",HK,ERUM,na,HK_10,B7,6,no,12.035,1.39,
531,Kalamazoo Canyon,KA,ERUM,na,KA_01,C7,6,no,10.17,-0.475,
532,Kalamazoo Canyon,KA,ERUM,na,KA_02,D7,6,no,10.3,-0.345,
533,Kalamazoo Canyon,KA,ERUM,na,KA_03,E7,6,no,12.32,1.675,
534,Kalamazoo Canyon,KA,ERUM,na,KA_04,F7,6,no,10.47,-0.175,
535,Kalamazoo Canyon,KA,ERUM,na,KA_05,G7,6,no,10.71,0.065,
536,Kalamazoo Canyon,KA,ERUM,na,KA_06,H7,6,no,11.47,0.825,
537,Kalamazoo Canyon,KA,ERUM,na,KA_07,A8,6,no,9.735,-0.91,
538,Kalamazoo Canyon,KA,ERUM,na,KA_08,B8,6,no,10.82,0.175,
539,Kalamazoo Canyon,KA,ERUM,na,KA_09,C8,6,no,10.195,-0.45,
540,Kalamazoo Canyon,KA,ERUM,na,KA_10,D8,6,no,11.155,0.51,
541,Knoll Creek,KC,Eriogonum brevicaule,na,KC_01,E8,6,no,12.765,2.12,
542,Knoll Creek,KC,Eriogonum brevicaule,na,KC_02,F8,6,no,10.335,-0.31,
543,Knoll Creek,KC,Eriogonum brevicaule,na,KC_03,G8,6,no,13.835,3.19,
544,Knoll Creek,KC,Eriogonum brevicaule,na,KC_04,H8,6,no,11.23,0.585,
545,Knoll Creek,KC,Eriogonum brevicaule,na,KC_05,A9,6,no,10.845,0.2,
546,Knoll Creek,KC,Eriogonum brevicaule,na,KC_06,B9,6,no,13.315,2.67,
547,Knoll Creek,KC,Eriogonum brevicaule,na,KC_07,C9,6,no,12.05,1.405,
548,Knoll Creek,KC,Eriogonum brevicaule,na,KC_08,D9,6,no,14.65,4.005,
549,Knoll Creek,KC,Eriogonum brevicaule,na,KC_09,E9,6,no,13.245,2.6,
550,Knoll Creek,KC,Eriogonum brevicaule,na,KC_10,F9,6,no,11.27,0.625,
551,Twin Spring Hills,TW,ERUM,na,TW_01,G9,6,no,13.24,2.595,
552,Twin Spring Hills,TW,ERUM,na,TW_02,H9,6,no,10.155,-0.49,
553,Twin Spring Hills,TW,ERUM,na,TW_03,A10,6,no,9.645,-1,
554,Twin Spring Hills,TW,ERUM,na,TW_04,B10,6,no,10.305,-0.34,
555,Twin Spring Hills,TW,ERUM,na,TW_05,C10,6,no,9.78,-0.865,
556,Twin Spring Hills,TW,ERUM,na,TW_06,D10,6,no,10.91,0.265,
557,Twin Spring Hills,TW,ERUM,na,TW_07,E10,6,no,11.365,0.72,sample smells bad
558,Twin Spring Hills,TW,ERUM,na,TW_08,F10,6,no,9.75,-0.895,
559,Twin Spring Hills,TW,ERUM,na,TW_09,G10,6,no,13.535,2.89,
560,Twin Spring Hills,TW,ERUM,na,TW_10,H10,6,no,12.73,2.085,
561,"Mill Creek, Lemhi Mountains",MY,ERUM,yellow,MY_01,A11,6,no,11.975,1.33,
562,"Mill Creek, Lemhi Mountains",MY,ERUM,yellow,MY_02,B11,6,no,11.84,1.195,
563,"Mill Creek, Lemhi Mountains",MY,ERUM,yellow,MY_03,C11,6,no,11.745,1.1,
564,"Mill Creek, Lemhi Mountains",MY,ERUM,yellow,MY_04,D11,6,no,11.475,0.83,
565,"Mill Creek, Lemhi Mountains",MY,ERUM,yellow,MY_05,E11,6,no,10.18,-0.465,
566,"Mill Creek, Lemhi Mountains",MY,ERUM,yellow,MY_06,F11,6,no,13.01,2.365,
567,"Mill Creek, Lemhi Mountains",MY,ERUM,yellow,MY_07,G11,6,no,10.265,-0.38,
568,"Mill Creek, Lemhi Mountains",MY,ERUM,yellow,MY_08,H11,6,no,11,0.355,
569,"Mill Creek, Lemhi Mountains",MY,ERUM,yellow,MY_09,A12,6,no,11.435,0.79,
570,"Mill Creek, Lemhi Mountains",MY,ERUM,yellow,MY_10,B12,6,no,9.925,-0.72,
571,Sacramento Pass,SP,ERUM,juniporinum,SP_01,C12,6,no,10.135,-0.51,
572,Sacramento Pass,SP,ERUM,juniporinum,SP_02,D12,6,no,9.775,-0.87,
573,Sacramento Pass,SP,ERUM,juniporinum,SP_03,E12,6,no,8.445,-2.2,
574,Sacramento Pass,SP,ERUM,juniporinum,SP_04,F12,6,no,9.51,-1.135,
575,empty,na,na,na,empty,G12,6,na,11.815,1.17,
576,empty,na,na,na,empty,H12,6,na,9.475,-1.17,
577,Asotin CCC,AS,Eriogonum sp.,na,AS_01,A1,7,no,9.495,-5.3275,voucher
578,Asotin CCC,AS,Eriogonum sp.,na,AS_02,B1,7,no,11.45,-3.3725,
579,Asotin CCC,AS,Eriogonum sp.,na,AS_03,C1,7,no,12.125,-2.6975,
580,Asotin CCC,AS,Eriogonum sp.,na,AS_04,D1,7,no,12.795,-2.0275,
581,Asotin CCC,AS,Eriogonum sp.,na,AS_05,E1,7,no,13.975,-0.8475,
582,Asotin CCC,AS,Eriogonum sp.,na,AS_06,F1,7,no,13.4,-1.4225,
583,Asotin CCC,AS,Eriogonum sp.,na,AS_07,G1,7,no,13.17,-1.6525,
584,Asotin CCC,AS,Eriogonum sp.,na,AS_08,H1,7,no,11.45,-3.3725,
585,Asotin CCC,AS,Eriogonum sp.,na,AS_09,A2,7,no,19.44,4.6175,
586,Asotin CCC,AS,Eriogonum sp.,na,AS_10,B2,7,no,15.165,0.3425,
587,Asotin CCC,AS,Eriogonum sp.,na,AS_11,C2,7,no,19.31,4.4875,
588,Asotin CCC,AS,Eriogonum sp.,na,AS_12,D2,7,no,15.905,1.0825,
589,Asotin CCC,AS,Eriogonum sp.,na,AS_13,E2,7,no,13.96,-0.8625,
590,Asotin CCC,AS,Eriogonum sp.,na,AS_14,F2,7,no,19.885,5.0625,
591,Asotin CCC,AS,Eriogonum sp.,na,AS_15,G2,7,no,14.22,-0.6025,
592,Asotin CCC,AS,Eriogonum sp.,na,AS_16,H2,7,no,12.47,-2.3525,
593,Wenatchee,WE,ERHE2,na,WE_01,A3,7,no,10.425,-4.3975,voucher
594,Wenatchee,WE,ERHE2,na,WE_02,B3,7,no,13.59,-1.2325,
595,Wenatchee,WE,ERHE2,na,WE_03,C3,7,no,14.73,-0.0925,
596,Wenatchee,WE,ERHE2,na,WE_04,D3,7,no,11.88,-2.9425,
597,Wenatchee,WE,ERHE2,na,WE_05,E3,7,no,12.635,-2.1875,
598,Wenatchee,WE,ERHE2,na,WE_06,F3,7,no,13.345,-1.4775,
599,Wenatchee,WE,ERHE2,na,WE_07,G3,7,no,13.615,-1.2075,
600,Wenatchee,WE,ERHE2,na,WE_08,H3,7,no,12.44,-2.3825,
601,Wenatchee,WE,ERHE2,na,WE_09,A4,7,no,15.545,0.7225,
602,Wenatchee,WE,ERHE2,na,WE_10,B4,7,no,14.455,-0.3675,
603,Wenatchee,WE,ERHE2,na,WE_11,C4,7,no,11.09,-3.7325,
604,Wenatchee,WE,ERHE2,na,WE_12,D4,7,no,11.97,-2.8525,
605,Wenatchee,WE,ERHE2,na,WE_13,E4,7,no,11.085,-3.7375,
606,Wenatchee,WE,ERHE2,na,WE_14,F4,7,no,8.6,-6.2225,
607,Wenatchee,WE,ERHE2,na,WE_15,G4,7,no,14.75,-0.0725,
608,Umatilla west entrance,UW,ERUM,na,UW_01,H4,7,no,16.645,1.8225,voucher
609,Umatilla west entrance,UW,ERUM,na,UW_02,A5,7,no,10.095,-4.7275,
610,Umatilla west entrance,UW,ERUM,na,UW_03,B5,7,no,11.85,-2.9725,
611,Umatilla west entrance,UW,ERUM,na,UW_04,C5,7,no,11.26,-3.5625,
612,Umatilla west entrance,UW,ERUM,na,UW_05,D5,7,no,10.98,-3.8425,
613,Umatilla west entrance,UW,ERUM,na,UW_06,E5,7,no,11.2,-3.6225,
614,Umatilla west entrance,UW,ERUM,na,UW_07,F5,7,no,12.315,-2.5075,
615,Umatilla west entrance,UW,ERUM,na,UW_08,G5,7,no,11.03,-3.7925,
616,Umatilla west entrance,UW,ERUM,na,UW_09,H5,7,no,10.28,-4.5425,
617,Umatilla west entrance,UW,ERUM,na,UW_10,A6,7,no,10.48,-4.3425,
618,Umatilla west entrance,UW,ERUM,na,UW_11,B6,7,no,9.99,-4.8325,
619,Chicken Canyon,CH,ERUM,na,CH_01,C6,7,no,11.78,-3.0425,
620,Chicken Canyon,CH,ERUM,na,CH_02,D6,7,no,13.515,-1.3075,
621,Chicken Canyon,CH,ERUM,na,CH_03,E6,7,no,12.09,-2.7325,
622,Chicken Canyon,CH,ERUM,na,CH_04,F6,7,no,12.61,-2.2125,
623,Chicken Canyon,CH,ERUM,na,CH_05,G6,7,no,10.02,-4.8025,
624,Chicken Canyon,CH,ERUM,na,CH_06,H6,7,no,10.45,-4.3725,
625,Chicken Canyon,CH,ERUM,na,CH_07,A7,7,no,11.14,-3.6825,
626,Chicken Canyon,CH,ERUM,na,CH_08,B7,7,no,9.845,-4.9775,
627,Chicken Canyon,CH,ERUM,na,CH_09,C7,7,no,11.26,-3.5625,
628,Chicken Canyon,CH,ERUM,na,CH_10,D7,7,no,11.515,-3.3075,
629,Chicken Canyon,CH,ERUM,na,CH_11,E7,7,no,11.765,-3.0575,
630,Chicken Canyon,CH,ERUM,na,CH_12,F7,7,no,10.49,-4.3325,
631,Castlerocks,CA,ERUM,na,CA_01,G7,7,no,14.765,-0.0575,Trail 1
632,Castlerocks,CA,ERUM,na,CA_02,H7,7,no,12.495,-2.3275,Trail 1
633,Castlerocks,CA,ERUM,na,CA_03,A8,7,no,12.245,-2.5775,Trail 1
634,Castlerocks,CA,ERUM,na,CA_04,B8,7,no,14.68,-0.1425,Trail 2
635,Castlerocks,CA,ERUM,na,CA_05,C8,7,no,13.805,-1.0175,Trail 2
636,Castlerocks,CA,ERUM,na,CA_06,D8,7,no,13.56,-1.2625,Trail 2
637,Castlerocks,CA,ERUM,na,CA_07,E8,7,no,15.36,0.5375,Trail 2
638,Brownback Mtn,BM,Eriogonum sp.,na,BM_01,F8,7,no,15.125,0.3025,
639,Brownback Mtn,BM,Eriogonum sp.,na,BM_02,G8,7,no,16.065,1.2425,
640,Brownback Mtn,BM,Eriogonum sp.,na,BM_03,H8,7,no,16.96,2.1375,
641,Brownback Mtn,BM,Eriogonum sp.,na,BM_04,A9,7,no,16.7,1.8775,
642,Brownback Mtn,BM,Eriogonum sp.,na,BM_05,B9,7,no,16.665,1.8425,
643,Dorsey Creek,DC,ERUM,aureum,DC_08,C9,7,no,12.74,-2.0825,
644,Dorsey Creek,DC,ERUM,aureum,DC_09,D9,7,no,9.565,-5.2575,
645,Dorsey Creek,DC,ERUM,aureum,DC_10,E9,7,no,11.58,-3.2425,
646,"Mill Creek, Lemhi Mountains",MC,ERUM,cream,MC_01,F9,7,no,12.285,-2.5375,
647,"Mill Creek, Lemhi Mountains",MC,ERUM,cream,MC_02,G9,7,no,12.53,-2.2925,
648,"Mill Creek, Lemhi Mountains",MC,ERUM,cream,MC_03,H9,7,no,10.54,-4.2825,
649,"Mill Creek, Lemhi Mountains",MC,ERUM,cream,MC_04,A10,7,no,10.605,-4.2175,
650,"Mill Creek, Lemhi Mountains",MC,ERUM,cream,MC_05,B10,7,no,11.3,-3.5225,
651,"Mill Creek, Lemhi Mountains",MC,ERUM,cream,MC_06,C10,7,no,11.435,-3.3875,
652,"Mill Creek, Lemhi Mountains",MC,ERUM,cream,MC_07,D10,7,no,10.235,-4.5875,
653,"Mill Creek, Lemhi Mountains",MC,ERUM,cream,MC_08,E10,7,no,10.715,-4.1075,
654,"Mill Creek, Lemhi Mountains",MC,ERUM,cream,MC_09,F10,7,no,10.585,-4.2375,
655,"Mill Creek, Lemhi Mountains",MC,ERUM,cream,MC_10,G10,7,no,10.955,-3.8675,
656,Sacramento Pass,SP,ERUM,juniporinum,SP_05,H10,7,no,9.445,-5.3775,
657,Sacramento Pass,SP,ERUM,juniporinum,SP_06,A11,7,no,8.99,-5.8325,
658,Sacramento Pass,SP,ERUM,juniporinum,SP_07,B11,7,no,10.125,-4.6975,
659,Sacramento Pass,SP,ERUM,juniporinum,SP_08,C11,7,no,9.495,-5.3275,
660,Sacramento Pass,SP,ERUM,juniporinum,SP_09,D11,7,no,10.585,-4.2375,
661,Sacramento Pass,SP,ERUM,juniporinum,SP_10,E11,7,no,10.08,-4.7425,
662,Sacramento Pass,SP,ERUM,juniporinum,SP_11,F11,7,no,10.5,-4.3225,
663,Sacramento Pass,SP,ERUM,juniporinum,SP_12,G11,7,no,10.19,-4.6325,
664,Mt Bachelor Cinder Cone unknown,MU,Eriogonum sp.,na,MU_01,H11,7,no,9.92,-4.9025,
665,Mt Bachelor Cinder Cone unknown,MU,Eriogonum sp.,na,MU_02,A12,7,no,12.225,-2.5975,
666,Mt Bachelor Cinder Cone unknown,MU,Eriogonum sp.,na,MU_03,B12,7,no,12.395,-2.4275,
667,Mt Bachelor Cinder Cone unknown,MU,Eriogonum sp.,na,MU_04,C12,7,no,19.76,4.9375,
668,Mt Bachelor Cinder Cone unknown,MU,Eriogonum sp.,na,MU_05,D12,7,no,15.64,0.8175,
669,Mt Bachelor Cinder Cone unknown,MU,Eriogonum sp.,na,MU_06,E12,7,no,10.615,-4.2075,
670,Mt Bachelor Cinder Cone unknown,MU,Eriogonum sp.,na,MU_07,F12,7,no,16.41,1.5875,
671,empty,na,na,na,empty,G12,7,na,11.625,-3.1975,
672,empty,na,na,na,empty,H12,7,na,18.02,3.1975,